url_a,url_b,five_word_shingle_jaccard
https://jurispage.com/google-ads-lawyers-los-angeles/,https://jurispage.com/law-firm-marketing-los-angeles/,0.612
https://jurispage.com/google-ads-lawyers-new-york/,https://jurispage.com/law-firm-marketing-new-york/,0.611
https://jurispage.com/google-ads-lawyers-san-francisco/,https://jurispage.com/law-firm-marketing-san-francisco/,0.611
https://jurispage.com/law-firm-marketing-los-angeles/,https://jurispage.com/law-firm-website-design-los-angeles/,0.609
https://jurispage.com/google-ads-lawyers-las-vegas/,https://jurispage.com/law-firm-marketing-las-vegas/,0.608
https://jurispage.com/law-firm-marketing-new-york/,https://jurispage.com/law-firm-website-design-new-york/,0.608
https://jurispage.com/law-firm-marketing-san-francisco/,https://jurispage.com/law-firm-website-design-san-francisco/,0.608
https://jurispage.com/google-ads-lawyers-san-antonio/,https://jurispage.com/law-firm-marketing-san-antonio/,0.607
https://jurispage.com/google-ads-lawyers-san-diego/,https://jurispage.com/law-firm-marketing-san-diego/,0.606
https://jurispage.com/google-ads-lawyers-san-jose/,https://jurispage.com/law-firm-marketing-san-jose/,0.606
https://jurispage.com/google-ads-lawyers-washington-dc/,https://jurispage.com/law-firm-marketing-washington-dc/,0.605
https://jurispage.com/law-firm-marketing-las-vegas/,https://jurispage.com/law-firm-website-design-las-vegas/,0.605
https://jurispage.com/law-firm-marketing-san-antonio/,https://jurispage.com/law-firm-website-design-san-antonio/,0.604
https://jurispage.com/law-firm-marketing-san-diego/,https://jurispage.com/law-firm-website-design-san-diego/,0.603
https://jurispage.com/law-firm-marketing-san-jose/,https://jurispage.com/law-firm-website-design-san-jose/,0.603
https://jurispage.com/law-firm-marketing-washington-dc/,https://jurispage.com/law-firm-website-design-washington-dc/,0.603
https://jurispage.com/google-ads-lawyers-philadelphia/,https://jurispage.com/law-firm-marketing-philadelphia/,0.601
https://jurispage.com/google-ads-lawyers-chicago/,https://jurispage.com/law-firm-marketing-chicago/,0.6
https://jurispage.com/google-ads-lawyers-dallas/,https://jurispage.com/law-firm-marketing-dallas/,0.6
https://jurispage.com/google-ads-lawyers-phoenix/,https://jurispage.com/law-firm-marketing-phoenix/,0.6
https://jurispage.com/google-ads-lawyers-austin/,https://jurispage.com/law-firm-marketing-austin/,0.599
https://jurispage.com/google-ads-lawyers-houston/,https://jurispage.com/law-firm-marketing-houston/,0.599
https://jurispage.com/google-ads-lawyers-indianapolis/,https://jurispage.com/law-firm-marketing-indianapolis/,0.599
https://jurispage.com/google-ads-lawyers-minneapolis/,https://jurispage.com/law-firm-marketing-minneapolis/,0.599
https://jurispage.com/google-ads-lawyers-los-angeles/,https://jurispage.com/law-firm-website-design-los-angeles/,0.598
https://jurispage.com/google-ads-lawyers-tampa/,https://jurispage.com/law-firm-marketing-tampa/,0.598
https://jurispage.com/law-firm-marketing-chicago/,https://jurispage.com/law-firm-website-design-chicago/,0.598
https://jurispage.com/law-firm-marketing-dallas/,https://jurispage.com/law-firm-website-design-dallas/,0.598
https://jurispage.com/law-firm-marketing-philadelphia/,https://jurispage.com/law-firm-website-design-philadelphia/,0.598
https://jurispage.com/law-firm-marketing-phoenix/,https://jurispage.com/law-firm-website-design-phoenix/,0.598
https://jurispage.com/google-ads-lawyers-boston/,https://jurispage.com/law-firm-marketing-boston/,0.597
https://jurispage.com/google-ads-lawyers-charlotte/,https://jurispage.com/law-firm-marketing-charlotte/,0.597
https://jurispage.com/google-ads-lawyers-denver/,https://jurispage.com/law-firm-marketing-denver/,0.597
https://jurispage.com/google-ads-lawyers-miami/,https://jurispage.com/law-firm-marketing-miami/,0.597
https://jurispage.com/google-ads-lawyers-nashville/,https://jurispage.com/law-firm-marketing-nashville/,0.597
https://jurispage.com/google-ads-lawyers-new-york/,https://jurispage.com/law-firm-website-design-new-york/,0.597
https://jurispage.com/google-ads-lawyers-san-francisco/,https://jurispage.com/law-firm-website-design-san-francisco/,0.597
https://jurispage.com/google-ads-lawyers-seattle/,https://jurispage.com/law-firm-marketing-seattle/,0.597
https://jurispage.com/google-ads-lawyers-atlanta/,https://jurispage.com/law-firm-marketing-atlanta/,0.596
https://jurispage.com/google-ads-lawyers-portland/,https://jurispage.com/law-firm-marketing-portland/,0.596
https://jurispage.com/law-firm-marketing-austin/,https://jurispage.com/law-firm-website-design-austin/,0.596
https://jurispage.com/law-firm-marketing-houston/,https://jurispage.com/law-firm-website-design-houston/,0.596
https://jurispage.com/law-firm-marketing-indianapolis/,https://jurispage.com/law-firm-website-design-indianapolis/,0.596
https://jurispage.com/law-firm-marketing-minneapolis/,https://jurispage.com/law-firm-website-design-minneapolis/,0.596
https://jurispage.com/law-firm-marketing-tampa/,https://jurispage.com/law-firm-website-design-tampa/,0.595
https://jurispage.com/google-ads-lawyers-las-vegas/,https://jurispage.com/law-firm-website-design-las-vegas/,0.594
https://jurispage.com/law-firm-marketing-atlanta/,https://jurispage.com/law-firm-website-design-atlanta/,0.594
https://jurispage.com/law-firm-marketing-boston/,https://jurispage.com/law-firm-website-design-boston/,0.594
https://jurispage.com/law-firm-marketing-charlotte/,https://jurispage.com/law-firm-website-design-charlotte/,0.594
https://jurispage.com/law-firm-marketing-denver/,https://jurispage.com/law-firm-website-design-denver/,0.594
https://jurispage.com/law-firm-marketing-miami/,https://jurispage.com/law-firm-website-design-miami/,0.594
https://jurispage.com/law-firm-marketing-nashville/,https://jurispage.com/law-firm-website-design-nashville/,0.594
https://jurispage.com/law-firm-marketing-portland/,https://jurispage.com/law-firm-website-design-portland/,0.594
https://jurispage.com/law-firm-marketing-seattle/,https://jurispage.com/law-firm-website-design-seattle/,0.594
https://jurispage.com/google-ads-lawyers-san-antonio/,https://jurispage.com/law-firm-website-design-san-antonio/,0.593
https://jurispage.com/law-firm-marketing-los-angeles/,https://jurispage.com/law-firm-seo-los-angeles/,0.593
https://jurispage.com/google-ads-lawyers-san-diego/,https://jurispage.com/law-firm-website-design-san-diego/,0.592
https://jurispage.com/google-ads-lawyers-san-jose/,https://jurispage.com/law-firm-website-design-san-jose/,0.592
https://jurispage.com/law-firm-marketing-new-york/,https://jurispage.com/law-firm-seo-new-york/,0.592
https://jurispage.com/law-firm-marketing-san-francisco/,https://jurispage.com/law-firm-seo-san-francisco/,0.592
https://jurispage.com/google-ads-lawyers-washington-dc/,https://jurispage.com/law-firm-website-design-washington-dc/,0.591
https://jurispage.com/law-firm-marketing-las-vegas/,https://jurispage.com/law-firm-seo-las-vegas/,0.589
https://jurispage.com/law-firm-marketing-san-antonio/,https://jurispage.com/law-firm-seo-san-antonio/,0.588
https://jurispage.com/law-firm-marketing-san-diego/,https://jurispage.com/law-firm-seo-san-diego/,0.587
https://jurispage.com/law-firm-marketing-san-jose/,https://jurispage.com/law-firm-seo-san-jose/,0.587
https://jurispage.com/law-firm-marketing-washington-dc/,https://jurispage.com/law-firm-seo-washington-dc/,0.587
https://jurispage.com/law-firm-marketing-philadelphia/,https://jurispage.com/law-firm-seo-philadelphia/,0.586
https://jurispage.com/law-firm-marketing-chicago/,https://jurispage.com/law-firm-seo-chicago/,0.585
https://jurispage.com/law-firm-marketing-dallas/,https://jurispage.com/law-firm-seo-dallas/,0.585
https://jurispage.com/law-firm-marketing-phoenix/,https://jurispage.com/law-firm-seo-phoenix/,0.585
https://jurispage.com/law-firm-marketing-austin/,https://jurispage.com/law-firm-seo-austin/,0.583
https://jurispage.com/law-firm-marketing-houston/,https://jurispage.com/law-firm-seo-houston/,0.583
https://jurispage.com/law-firm-marketing-indianapolis/,https://jurispage.com/law-firm-seo-indianapolis/,0.583
https://jurispage.com/law-firm-marketing-minneapolis/,https://jurispage.com/law-firm-seo-minneapolis/,0.583
https://jurispage.com/law-firm-marketing-tampa/,https://jurispage.com/law-firm-seo-tampa/,0.583
https://jurispage.com/google-ads-lawyers-philadelphia/,https://jurispage.com/law-firm-website-design-philadelphia/,0.582
https://jurispage.com/law-firm-marketing-boston/,https://jurispage.com/law-firm-seo-boston/,0.582
https://jurispage.com/law-firm-marketing-charlotte/,https://jurispage.com/law-firm-seo-charlotte/,0.582
https://jurispage.com/law-firm-marketing-denver/,https://jurispage.com/law-firm-seo-denver/,0.582
https://jurispage.com/law-firm-marketing-miami/,https://jurispage.com/law-firm-seo-miami/,0.582
https://jurispage.com/law-firm-marketing-nashville/,https://jurispage.com/law-firm-seo-nashville/,0.582
https://jurispage.com/law-firm-marketing-seattle/,https://jurispage.com/law-firm-seo-seattle/,0.582
https://jurispage.com/google-ads-lawyers-chicago/,https://jurispage.com/law-firm-website-design-chicago/,0.581
https://jurispage.com/google-ads-lawyers-dallas/,https://jurispage.com/law-firm-website-design-dallas/,0.581
https://jurispage.com/google-ads-lawyers-phoenix/,https://jurispage.com/law-firm-website-design-phoenix/,0.581
https://jurispage.com/law-firm-marketing-atlanta/,https://jurispage.com/law-firm-seo-atlanta/,0.581
https://jurispage.com/law-firm-marketing-portland/,https://jurispage.com/law-firm-seo-portland/,0.581
https://jurispage.com/law-firm-seo-los-angeles/,https://jurispage.com/law-firm-website-design-los-angeles/,0.58
https://jurispage.com/google-ads-lawyers-austin/,https://jurispage.com/law-firm-website-design-austin/,0.579
https://jurispage.com/google-ads-lawyers-houston/,https://jurispage.com/law-firm-website-design-houston/,0.579
https://jurispage.com/google-ads-lawyers-indianapolis/,https://jurispage.com/law-firm-website-design-indianapolis/,0.579
https://jurispage.com/google-ads-lawyers-minneapolis/,https://jurispage.com/law-firm-website-design-minneapolis/,0.579
https://jurispage.com/google-ads-lawyers-tampa/,https://jurispage.com/law-firm-website-design-tampa/,0.579
https://jurispage.com/law-firm-seo-new-york/,https://jurispage.com/law-firm-website-design-new-york/,0.579
https://jurispage.com/law-firm-seo-san-francisco/,https://jurispage.com/law-firm-website-design-san-francisco/,0.579
https://jurispage.com/google-ads-lawyers-boston/,https://jurispage.com/law-firm-website-design-boston/,0.578
https://jurispage.com/google-ads-lawyers-charlotte/,https://jurispage.com/law-firm-website-design-charlotte/,0.578
https://jurispage.com/google-ads-lawyers-denver/,https://jurispage.com/law-firm-website-design-denver/,0.578
https://jurispage.com/google-ads-lawyers-miami/,https://jurispage.com/law-firm-website-design-miami/,0.578
https://jurispage.com/google-ads-lawyers-nashville/,https://jurispage.com/law-firm-website-design-nashville/,0.578
https://jurispage.com/google-ads-lawyers-seattle/,https://jurispage.com/law-firm-website-design-seattle/,0.578
https://jurispage.com/google-ads-lawyers-atlanta/,https://jurispage.com/law-firm-website-design-atlanta/,0.577
https://jurispage.com/google-ads-lawyers-portland/,https://jurispage.com/law-firm-website-design-portland/,0.577
https://jurispage.com/law-firm-seo-las-vegas/,https://jurispage.com/law-firm-website-design-las-vegas/,0.576
https://jurispage.com/law-firm-seo-san-antonio/,https://jurispage.com/law-firm-website-design-san-antonio/,0.575
https://jurispage.com/law-firm-seo-san-diego/,https://jurispage.com/law-firm-website-design-san-diego/,0.574
https://jurispage.com/law-firm-seo-san-jose/,https://jurispage.com/law-firm-website-design-san-jose/,0.574
https://jurispage.com/law-firm-seo-washington-dc/,https://jurispage.com/law-firm-website-design-washington-dc/,0.574
https://jurispage.com/law-firm-seo-philadelphia/,https://jurispage.com/law-firm-website-design-philadelphia/,0.571
https://jurispage.com/law-firm-seo-san-diego/,https://jurispage.com/law-firm-seo-san-jose/,0.571
https://jurispage.com/law-firm-seo-chicago/,https://jurispage.com/law-firm-website-design-chicago/,0.57
https://jurispage.com/law-firm-seo-dallas/,https://jurispage.com/law-firm-website-design-dallas/,0.57
https://jurispage.com/law-firm-seo-phoenix/,https://jurispage.com/law-firm-website-design-phoenix/,0.57
https://jurispage.com/law-firm-website-design-san-diego/,https://jurispage.com/law-firm-website-design-san-jose/,0.569
https://jurispage.com/google-ads-lawyers-los-angeles/,https://jurispage.com/law-firm-seo-los-angeles/,0.568
https://jurispage.com/law-firm-seo-austin/,https://jurispage.com/law-firm-website-design-austin/,0.568
https://jurispage.com/law-firm-seo-houston/,https://jurispage.com/law-firm-website-design-houston/,0.568
https://jurispage.com/law-firm-seo-indianapolis/,https://jurispage.com/law-firm-website-design-indianapolis/,0.568
https://jurispage.com/law-firm-seo-minneapolis/,https://jurispage.com/law-firm-website-design-minneapolis/,0.568
https://jurispage.com/google-ads-lawyers-new-york/,https://jurispage.com/law-firm-seo-new-york/,0.567
https://jurispage.com/google-ads-lawyers-san-francisco/,https://jurispage.com/law-firm-seo-san-francisco/,0.567
https://jurispage.com/law-firm-seo-boston/,https://jurispage.com/law-firm-website-design-boston/,0.567
https://jurispage.com/law-firm-seo-charlotte/,https://jurispage.com/law-firm-website-design-charlotte/,0.567
https://jurispage.com/law-firm-seo-denver/,https://jurispage.com/law-firm-website-design-denver/,0.567
https://jurispage.com/law-firm-seo-miami/,https://jurispage.com/law-firm-website-design-miami/,0.567
https://jurispage.com/law-firm-seo-nashville/,https://jurispage.com/law-firm-website-design-nashville/,0.567
https://jurispage.com/law-firm-seo-seattle/,https://jurispage.com/law-firm-website-design-seattle/,0.567
https://jurispage.com/law-firm-seo-tampa/,https://jurispage.com/law-firm-website-design-tampa/,0.567
https://jurispage.com/law-firm-seo-atlanta/,https://jurispage.com/law-firm-website-design-atlanta/,0.566
https://jurispage.com/law-firm-seo-portland/,https://jurispage.com/law-firm-website-design-portland/,0.566
https://jurispage.com/law-firm-seo-san-diego/,https://jurispage.com/law-firm-seo-san-francisco/,0.565
https://jurispage.com/law-firm-seo-san-francisco/,https://jurispage.com/law-firm-seo-san-jose/,0.565
https://jurispage.com/law-firm-website-design-denver/,https://jurispage.com/law-firm-website-design-portland/,0.565
https://jurispage.com/law-firm-website-design-denver/,https://jurispage.com/law-firm-website-design-tampa/,0.565
https://jurispage.com/law-firm-website-design-portland/,https://jurispage.com/law-firm-website-design-seattle/,0.565
https://jurispage.com/google-ads-lawyers-las-vegas/,https://jurispage.com/law-firm-seo-las-vegas/,0.564
https://jurispage.com/law-firm-seo-san-antonio/,https://jurispage.com/law-firm-seo-san-diego/,0.564
https://jurispage.com/law-firm-seo-san-antonio/,https://jurispage.com/law-firm-seo-san-jose/,0.564
https://jurispage.com/law-firm-website-design-portland/,https://jurispage.com/law-firm-website-design-tampa/,0.564
https://jurispage.com/google-ads-lawyers-san-antonio/,https://jurispage.com/law-firm-seo-san-antonio/,0.563
https://jurispage.com/law-firm-website-design-san-antonio/,https://jurispage.com/law-firm-website-design-san-diego/,0.563
https://jurispage.com/law-firm-website-design-san-antonio/,https://jurispage.com/law-firm-website-design-san-jose/,0.563
https://jurispage.com/law-firm-website-design-san-diego/,https://jurispage.com/law-firm-website-design-san-francisco/,0.563
https://jurispage.com/law-firm-website-design-san-francisco/,https://jurispage.com/law-firm-website-design-san-jose/,0.563
https://jurispage.com/google-ads-lawyers-san-diego/,https://jurispage.com/law-firm-seo-san-diego/,0.562
https://jurispage.com/google-ads-lawyers-san-jose/,https://jurispage.com/law-firm-seo-san-jose/,0.562
https://jurispage.com/google-ads-lawyers-washington-dc/,https://jurispage.com/law-firm-seo-washington-dc/,0.561
https://jurispage.com/law-firm-seo-denver/,https://jurispage.com/law-firm-seo-tampa/,0.56
https://jurispage.com/law-firm-seo-denver/,https://jurispage.com/law-firm-seo-portland/,0.559
https://jurispage.com/law-firm-seo-portland/,https://jurispage.com/law-firm-seo-seattle/,0.559
https://jurispage.com/google-ads-lawyers-philadelphia/,https://jurispage.com/law-firm-seo-philadelphia/,0.558
https://jurispage.com/law-firm-seo-portland/,https://jurispage.com/law-firm-seo-tampa/,0.558
https://jurispage.com/law-firm-seo-san-antonio/,https://jurispage.com/law-firm-seo-san-francisco/,0.558
https://jurispage.com/google-ads-lawyers-chicago/,https://jurispage.com/law-firm-seo-chicago/,0.557
https://jurispage.com/google-ads-lawyers-dallas/,https://jurispage.com/law-firm-seo-dallas/,0.557
https://jurispage.com/google-ads-lawyers-phoenix/,https://jurispage.com/law-firm-seo-phoenix/,0.557
https://jurispage.com/law-firm-website-design-san-antonio/,https://jurispage.com/law-firm-website-design-san-francisco/,0.557
https://jurispage.com/google-ads-lawyers-austin/,https://jurispage.com/law-firm-seo-austin/,0.556
https://jurispage.com/google-ads-lawyers-houston/,https://jurispage.com/law-firm-seo-houston/,0.556
https://jurispage.com/google-ads-lawyers-indianapolis/,https://jurispage.com/law-firm-seo-indianapolis/,0.556
https://jurispage.com/google-ads-lawyers-minneapolis/,https://jurispage.com/law-firm-seo-minneapolis/,0.556
https://jurispage.com/law-firm-website-design-charlotte/,https://jurispage.com/law-firm-website-design-minneapolis/,0.556
https://jurispage.com/google-ads-lawyers-tampa/,https://jurispage.com/law-firm-seo-tampa/,0.555
https://jurispage.com/google-ads-lawyers-boston/,https://jurispage.com/law-firm-seo-boston/,0.554
https://jurispage.com/google-ads-lawyers-charlotte/,https://jurispage.com/law-firm-seo-charlotte/,0.554
https://jurispage.com/google-ads-lawyers-denver/,https://jurispage.com/law-firm-seo-denver/,0.554
https://jurispage.com/google-ads-lawyers-miami/,https://jurispage.com/law-firm-seo-miami/,0.554
https://jurispage.com/google-ads-lawyers-nashville/,https://jurispage.com/law-firm-seo-nashville/,0.554
https://jurispage.com/google-ads-lawyers-portland/,https://jurispage.com/google-ads-lawyers-seattle/,0.554
https://jurispage.com/google-ads-lawyers-seattle/,https://jurispage.com/law-firm-seo-seattle/,0.554
https://jurispage.com/google-ads-lawyers-atlanta/,https://jurispage.com/law-firm-seo-atlanta/,0.553
https://jurispage.com/google-ads-lawyers-portland/,https://jurispage.com/law-firm-seo-portland/,0.553
https://jurispage.com/google-ads-lawyers-san-diego/,https://jurispage.com/google-ads-lawyers-san-jose/,0.553
https://jurispage.com/law-firm-website-design-boston/,https://jurispage.com/law-firm-website-design-seattle/,0.552
https://jurispage.com/law-firm-website-design-boston/,https://jurispage.com/law-firm-website-design-tampa/,0.551
https://jurispage.com/law-firm-website-design-indianapolis/,https://jurispage.com/law-firm-website-design-portland/,0.551
https://jurispage.com/law-firm-seo-charlotte/,https://jurispage.com/law-firm-seo-minneapolis/,0.55
https://jurispage.com/law-firm-website-design-atlanta/,https://jurispage.com/law-firm-website-design-charlotte/,0.55
https://jurispage.com/law-firm-website-design-atlanta/,https://jurispage.com/law-firm-website-design-denver/,0.55
https://jurispage.com/law-firm-website-design-nashville/,https://jurispage.com/law-firm-website-design-portland/,0.55
https://jurispage.com/law-firm-website-design-boston/,https://jurispage.com/law-firm-website-design-denver/,0.549
https://jurispage.com/law-firm-website-design-denver/,https://jurispage.com/law-firm-website-design-nashville/,0.549
https://jurispage.com/google-ads-lawyers-denver/,https://jurispage.com/google-ads-lawyers-portland/,0.548
https://jurispage.com/google-ads-lawyers-denver/,https://jurispage.com/google-ads-lawyers-tampa/,0.548
https://jurispage.com/law-firm-website-design-atlanta/,https://jurispage.com/law-firm-website-design-portland/,0.548
https://jurispage.com/law-firm-website-design-austin/,https://jurispage.com/law-firm-website-design-houston/,0.548
https://jurispage.com/law-firm-website-design-boston/,https://jurispage.com/law-firm-website-design-dallas/,0.548
https://jurispage.com/law-firm-website-design-indianapolis/,https://jurispage.com/law-firm-website-design-minneapolis/,0.548
https://jurispage.com/law-firm-website-design-miami/,https://jurispage.com/law-firm-website-design-tampa/,0.548
https://jurispage.com/law-firm-website-design-nashville/,https://jurispage.com/law-firm-website-design-tampa/,0.548
https://jurispage.com/google-ads-lawyers-portland/,https://jurispage.com/google-ads-lawyers-tampa/,0.547
https://jurispage.com/google-ads-lawyers-san-diego/,https://jurispage.com/google-ads-lawyers-san-francisco/,0.547
https://jurispage.com/google-ads-lawyers-san-francisco/,https://jurispage.com/google-ads-lawyers-san-jose/,0.547
https://jurispage.com/law-firm-marketing-portland/,https://jurispage.com/law-firm-marketing-seattle/,0.547
https://jurispage.com/law-firm-seo-boston/,https://jurispage.com/law-firm-seo-seattle/,0.547
https://jurispage.com/law-firm-website-design-atlanta/,https://jurispage.com/law-firm-website-design-boston/,0.547
https://jurispage.com/law-firm-website-design-atlanta/,https://jurispage.com/law-firm-website-design-miami/,0.547
https://jurispage.com/law-firm-website-design-atlanta/,https://jurispage.com/law-firm-website-design-nashville/,0.547
https://jurispage.com/law-firm-website-design-atlanta/,https://jurispage.com/law-firm-website-design-seattle/,0.547
https://jurispage.com/law-firm-website-design-boston/,https://jurispage.com/law-firm-website-design-minneapolis/,0.547
https://jurispage.com/law-firm-website-design-boston/,https://jurispage.com/law-firm-website-design-portland/,0.547
https://jurispage.com/law-firm-website-design-charlotte/,https://jurispage.com/law-firm-website-design-portland/,0.547
https://jurispage.com/law-firm-website-design-dallas/,https://jurispage.com/law-firm-website-design-tampa/,0.547
https://jurispage.com/law-firm-website-design-indianapolis/,https://jurispage.com/law-firm-website-design-seattle/,0.547
https://jurispage.com/law-firm-website-design-miami/,https://jurispage.com/law-firm-website-design-portland/,0.547
https://jurispage.com/law-firm-website-design-minneapolis/,https://jurispage.com/law-firm-website-design-seattle/,0.547
https://jurispage.com/google-ads-lawyers-san-antonio/,https://jurispage.com/google-ads-lawyers-san-diego/,0.546
https://jurispage.com/google-ads-lawyers-san-antonio/,https://jurispage.com/google-ads-lawyers-san-jose/,0.546
https://jurispage.com/law-firm-seo-boston/,https://jurispage.com/law-firm-seo-tampa/,0.546
https://jurispage.com/law-firm-seo-indianapolis/,https://jurispage.com/law-firm-seo-portland/,0.546
https://jurispage.com/law-firm-website-design-atlanta/,https://jurispage.com/law-firm-website-design-tampa/,0.546
https://jurispage.com/law-firm-website-design-boston/,https://jurispage.com/law-firm-website-design-charlotte/,0.546
https://jurispage.com/law-firm-website-design-boston/,https://jurispage.com/law-firm-website-design-miami/,0.546
https://jurispage.com/law-firm-website-design-boston/,https://jurispage.com/law-firm-website-design-nashville/,0.546
https://jurispage.com/law-firm-website-design-charlotte/,https://jurispage.com/law-firm-website-design-denver/,0.546
https://jurispage.com/law-firm-website-design-charlotte/,https://jurispage.com/law-firm-website-design-miami/,0.546
https://jurispage.com/law-firm-website-design-charlotte/,https://jurispage.com/law-firm-website-design-nashville/,0.546
https://jurispage.com/law-firm-website-design-charlotte/,https://jurispage.com/law-firm-website-design-seattle/,0.546
https://jurispage.com/law-firm-website-design-denver/,https://jurispage.com/law-firm-website-design-miami/,0.546
https://jurispage.com/law-firm-website-design-denver/,https://jurispage.com/law-firm-website-design-seattle/,0.546
https://jurispage.com/law-firm-website-design-miami/,https://jurispage.com/law-firm-website-design-nashville/,0.546
https://jurispage.com/law-firm-website-design-miami/,https://jurispage.com/law-firm-website-design-seattle/,0.546
https://jurispage.com/law-firm-website-design-nashville/,https://jurispage.com/law-firm-website-design-seattle/,0.546
https://jurispage.com/law-firm-website-design-phoenix/,https://jurispage.com/law-firm-website-design-portland/,0.546
https://jurispage.com/law-firm-seo-atlanta/,https://jurispage.com/law-firm-seo-charlotte/,0.545
https://jurispage.com/law-firm-seo-atlanta/,https://jurispage.com/law-firm-seo-denver/,0.545
https://jurispage.com/law-firm-seo-nashville/,https://jurispage.com/law-firm-seo-portland/,0.545
https://jurispage.com/law-firm-website-design-atlanta/,https://jurispage.com/law-firm-website-design-austin/,0.545
https://jurispage.com/law-firm-website-design-atlanta/,https://jurispage.com/law-firm-website-design-houston/,0.545
https://jurispage.com/law-firm-website-design-atlanta/,https://jurispage.com/law-firm-website-design-indianapolis/,0.545
https://jurispage.com/law-firm-website-design-atlanta/,https://jurispage.com/law-firm-website-design-minneapolis/,0.545
https://jurispage.com/law-firm-website-design-austin/,https://jurispage.com/law-firm-website-design-portland/,0.545
https://jurispage.com/law-firm-website-design-boston/,https://jurispage.com/law-firm-website-design-phoenix/,0.545
https://jurispage.com/law-firm-website-design-charlotte/,https://jurispage.com/law-firm-website-design-tampa/,0.545
https://jurispage.com/law-firm-website-design-dallas/,https://jurispage.com/law-firm-website-design-denver/,0.545
https://jurispage.com/law-firm-website-design-denver/,https://jurispage.com/law-firm-website-design-phoenix/,0.545
https://jurispage.com/law-firm-website-design-houston/,https://jurispage.com/law-firm-website-design-portland/,0.545
https://jurispage.com/law-firm-website-design-minneapolis/,https://jurispage.com/law-firm-website-design-portland/,0.545
https://jurispage.com/law-firm-website-design-phoenix/,https://jurispage.com/law-firm-website-design-seattle/,0.545
https://jurispage.com/law-firm-website-design-seattle/,https://jurispage.com/law-firm-website-design-tampa/,0.545
https://jurispage.com/law-firm-seo-boston/,https://jurispage.com/law-firm-seo-denver/,0.544
https://jurispage.com/law-firm-seo-denver/,https://jurispage.com/law-firm-seo-nashville/,0.544
https://jurispage.com/law-firm-website-design-austin/,https://jurispage.com/law-firm-website-design-boston/,0.544
https://jurispage.com/law-firm-website-design-austin/,https://jurispage.com/law-firm-website-design-charlotte/,0.544
https://jurispage.com/law-firm-website-design-austin/,https://jurispage.com/law-firm-website-design-denver/,0.544
https://jurispage.com/law-firm-website-design-austin/,https://jurispage.com/law-firm-website-design-miami/,0.544
https://jurispage.com/law-firm-website-design-austin/,https://jurispage.com/law-firm-website-design-nashville/,0.544
https://jurispage.com/law-firm-website-design-austin/,https://jurispage.com/law-firm-website-design-seattle/,0.544
https://jurispage.com/law-firm-website-design-boston/,https://jurispage.com/law-firm-website-design-houston/,0.544
https://jurispage.com/law-firm-website-design-boston/,https://jurispage.com/law-firm-website-design-indianapolis/,0.544
https://jurispage.com/law-firm-website-design-charlotte/,https://jurispage.com/law-firm-website-design-houston/,0.544
https://jurispage.com/law-firm-website-design-charlotte/,https://jurispage.com/law-firm-website-design-indianapolis/,0.544
https://jurispage.com/law-firm-website-design-dallas/,https://jurispage.com/law-firm-website-design-phoenix/,0.544
https://jurispage.com/law-firm-website-design-denver/,https://jurispage.com/law-firm-website-design-houston/,0.544
https://jurispage.com/law-firm-website-design-denver/,https://jurispage.com/law-firm-website-design-indianapolis/,0.544
https://jurispage.com/law-firm-website-design-denver/,https://jurispage.com/law-firm-website-design-minneapolis/,0.544
https://jurispage.com/law-firm-website-design-houston/,https://jurispage.com/law-firm-website-design-miami/,0.544
https://jurispage.com/law-firm-website-design-houston/,https://jurispage.com/law-firm-website-design-nashville/,0.544
https://jurispage.com/law-firm-website-design-houston/,https://jurispage.com/law-firm-website-design-seattle/,0.544
https://jurispage.com/law-firm-website-design-indianapolis/,https://jurispage.com/law-firm-website-design-miami/,0.544
https://jurispage.com/law-firm-website-design-indianapolis/,https://jurispage.com/law-firm-website-design-nashville/,0.544
https://jurispage.com/law-firm-website-design-miami/,https://jurispage.com/law-firm-website-design-minneapolis/,0.544
https://jurispage.com/law-firm-website-design-minneapolis/,https://jurispage.com/law-firm-website-design-nashville/,0.544
https://jurispage.com/law-firm-website-design-phoenix/,https://jurispage.com/law-firm-website-design-tampa/,0.544
https://jurispage.com/law-firm-marketing-san-diego/,https://jurispage.com/law-firm-marketing-san-jose/,0.543
https://jurispage.com/law-firm-seo-atlanta/,https://jurispage.com/law-firm-seo-portland/,0.543
https://jurispage.com/law-firm-seo-austin/,https://jurispage.com/law-firm-seo-houston/,0.543
https://jurispage.com/law-firm-seo-boston/,https://jurispage.com/law-firm-seo-dallas/,0.543
https://jurispage.com/law-firm-seo-indianapolis/,https://jurispage.com/law-firm-seo-minneapolis/,0.543
https://jurispage.com/law-firm-seo-miami/,https://jurispage.com/law-firm-seo-tampa/,0.543
https://jurispage.com/law-firm-seo-nashville/,https://jurispage.com/law-firm-seo-tampa/,0.543
https://jurispage.com/law-firm-website-design-atlanta/,https://jurispage.com/law-firm-website-design-chicago/,0.543
https://jurispage.com/law-firm-website-design-atlanta/,https://jurispage.com/law-firm-website-design-dallas/,0.543
https://jurispage.com/law-firm-website-design-atlanta/,https://jurispage.com/law-firm-website-design-phoenix/,0.543
https://jurispage.com/law-firm-website-design-austin/,https://jurispage.com/law-firm-website-design-dallas/,0.543
https://jurispage.com/law-firm-website-design-austin/,https://jurispage.com/law-firm-website-design-tampa/,0.543
https://jurispage.com/law-firm-website-design-chicago/,https://jurispage.com/law-firm-website-design-portland/,0.543
https://jurispage.com/law-firm-website-design-dallas/,https://jurispage.com/law-firm-website-design-houston/,0.543
https://jurispage.com/law-firm-website-design-dallas/,https://jurispage.com/law-firm-website-design-portland/,0.543
https://jurispage.com/law-firm-website-design-houston/,https://jurispage.com/law-firm-website-design-tampa/,0.543
https://jurispage.com/law-firm-website-design-indianapolis/,https://jurispage.com/law-firm-website-design-phoenix/,0.543
https://jurispage.com/law-firm-website-design-indianapolis/,https://jurispage.com/law-firm-website-design-tampa/,0.543
https://jurispage.com/law-firm-website-design-minneapolis/,https://jurispage.com/law-firm-website-design-tampa/,0.543
https://jurispage.com/law-firm-seo-atlanta/,https://jurispage.com/law-firm-seo-boston/,0.542
https://jurispage.com/law-firm-seo-atlanta/,https://jurispage.com/law-firm-seo-miami/,0.542
https://jurispage.com/law-firm-seo-atlanta/,https://jurispage.com/law-firm-seo-nashville/,0.542
https://jurispage.com/law-firm-seo-atlanta/,https://jurispage.com/law-firm-seo-seattle/,0.542
https://jurispage.com/law-firm-seo-boston/,https://jurispage.com/law-firm-seo-minneapolis/,0.542
https://jurispage.com/law-firm-seo-boston/,https://jurispage.com/law-firm-seo-portland/,0.542
https://jurispage.com/law-firm-seo-charlotte/,https://jurispage.com/law-firm-seo-portland/,0.542
https://jurispage.com/law-firm-seo-dallas/,https://jurispage.com/law-firm-seo-tampa/,0.542
https://jurispage.com/law-firm-seo-indianapolis/,https://jurispage.com/law-firm-seo-seattle/,0.542
https://jurispage.com/law-firm-seo-miami/,https://jurispage.com/law-firm-seo-portland/,0.542
https://jurispage.com/law-firm-seo-minneapolis/,https://jurispage.com/law-firm-seo-seattle/,0.542
https://jurispage.com/law-firm-website-design-atlanta/,https://jurispage.com/law-firm-website-design-philadelphia/,0.542
https://jurispage.com/law-firm-website-design-austin/,https://jurispage.com/law-firm-website-design-indianapolis/,0.542
https://jurispage.com/law-firm-website-design-austin/,https://jurispage.com/law-firm-website-design-minneapolis/,0.542
https://jurispage.com/law-firm-website-design-boston/,https://jurispage.com/law-firm-website-design-chicago/,0.542
https://jurispage.com/law-firm-website-design-charlotte/,https://jurispage.com/law-firm-website-design-chicago/,0.542
https://jurispage.com/law-firm-website-design-charlotte/,https://jurispage.com/law-firm-website-design-dallas/,0.542
https://jurispage.com/law-firm-website-design-charlotte/,https://jurispage.com/law-firm-website-design-phoenix/,0.542
https://jurispage.com/law-firm-website-design-chicago/,https://jurispage.com/law-firm-website-design-denver/,0.542
https://jurispage.com/law-firm-website-design-chicago/,https://jurispage.com/law-firm-website-design-miami/,0.542
https://jurispage.com/law-firm-website-design-chicago/,https://jurispage.com/law-firm-website-design-nashville/,0.542
https://jurispage.com/law-firm-website-design-chicago/,https://jurispage.com/law-firm-website-design-seattle/,0.542
https://jurispage.com/law-firm-website-design-dallas/,https://jurispage.com/law-firm-website-design-miami/,0.542
https://jurispage.com/law-firm-website-design-dallas/,https://jurispage.com/law-firm-website-design-nashville/,0.542
https://jurispage.com/law-firm-website-design-dallas/,https://jurispage.com/law-firm-website-design-seattle/,0.542
https://jurispage.com/law-firm-website-design-houston/,https://jurispage.com/law-firm-website-design-indianapolis/,0.542
https://jurispage.com/law-firm-website-design-houston/,https://jurispage.com/law-firm-website-design-minneapolis/,0.542
https://jurispage.com/law-firm-website-design-miami/,https://jurispage.com/law-firm-website-design-phoenix/,0.542
https://jurispage.com/law-firm-website-design-nashville/,https://jurispage.com/law-firm-website-design-phoenix/,0.542
https://jurispage.com/law-firm-website-design-philadelphia/,https://jurispage.com/law-firm-website-design-portland/,0.542
https://jurispage.com/law-firm-seo-atlanta/,https://jurispage.com/law-firm-seo-tampa/,0.541
https://jurispage.com/law-firm-seo-boston/,https://jurispage.com/law-firm-seo-charlotte/,0.541
https://jurispage.com/law-firm-seo-boston/,https://jurispage.com/law-firm-seo-miami/,0.541
https://jurispage.com/law-firm-seo-boston/,https://jurispage.com/law-firm-seo-nashville/,0.541
https://jurispage.com/law-firm-seo-charlotte/,https://jurispage.com/law-firm-seo-denver/,0.541
https://jurispage.com/law-firm-seo-charlotte/,https://jurispage.com/law-firm-seo-miami/,0.541
https://jurispage.com/law-firm-seo-charlotte/,https://jurispage.com/law-firm-seo-nashville/,0.541
https://jurispage.com/law-firm-seo-charlotte/,https://jurispage.com/law-firm-seo-seattle/,0.541
https://jurispage.com/law-firm-seo-denver/,https://jurispage.com/law-firm-seo-miami/,0.541
https://jurispage.com/law-firm-seo-denver/,https://jurispage.com/law-firm-seo-seattle/,0.541
https://jurispage.com/law-firm-seo-miami/,https://jurispage.com/law-firm-seo-nashville/,0.541
https://jurispage.com/law-firm-seo-miami/,https://jurispage.com/law-firm-seo-seattle/,0.541
https://jurispage.com/law-firm-seo-nashville/,https://jurispage.com/law-firm-seo-seattle/,0.541
https://jurispage.com/law-firm-seo-phoenix/,https://jurispage.com/law-firm-seo-portland/,0.541
https://jurispage.com/law-firm-website-design-boston/,https://jurispage.com/law-firm-website-design-philadelphia/,0.541
https://jurispage.com/law-firm-website-design-charlotte/,https://jurispage.com/law-firm-website-design-philadelphia/,0.541
https://jurispage.com/law-firm-website-design-chicago/,https://jurispage.com/law-firm-website-design-tampa/,0.541
https://jurispage.com/law-firm-website-design-denver/,https://jurispage.com/law-firm-website-design-philadelphia/,0.541
https://jurispage.com/law-firm-website-design-miami/,https://jurispage.com/law-firm-website-design-philadelphia/,0.541
https://jurispage.com/law-firm-website-design-nashville/,https://jurispage.com/law-firm-website-design-philadelphia/,0.541
https://jurispage.com/law-firm-website-design-philadelphia/,https://jurispage.com/law-firm-website-design-seattle/,0.541
https://jurispage.com/law-firm-website-design-san-diego/,https://jurispage.com/law-firm-website-design-tampa/,0.541
https://jurispage.com/google-ads-lawyers-san-antonio/,https://jurispage.com/google-ads-lawyers-san-francisco/,0.54
https://jurispage.com/law-firm-seo-atlanta/,https://jurispage.com/law-firm-seo-austin/,0.54
https://jurispage.com/law-firm-seo-atlanta/,https://jurispage.com/law-firm-seo-houston/,0.54
https://jurispage.com/law-firm-seo-atlanta/,https://jurispage.com/law-firm-seo-indianapolis/,0.54
https://jurispage.com/law-firm-seo-atlanta/,https://jurispage.com/law-firm-seo-minneapolis/,0.54
https://jurispage.com/law-firm-seo-austin/,https://jurispage.com/law-firm-seo-portland/,0.54
https://jurispage.com/law-firm-seo-boston/,https://jurispage.com/law-firm-seo-phoenix/,0.54
https://jurispage.com/law-firm-seo-charlotte/,https://jurispage.com/law-firm-seo-tampa/,0.54
https://jurispage.com/law-firm-seo-dallas/,https://jurispage.com/law-firm-seo-denver/,0.54
https://jurispage.com/law-firm-seo-denver/,https://jurispage.com/law-firm-seo-phoenix/,0.54
https://jurispage.com/law-firm-seo-houston/,https://jurispage.com/law-firm-seo-portland/,0.54
https://jurispage.com/law-firm-seo-minneapolis/,https://jurispage.com/law-firm-seo-portland/,0.54
https://jurispage.com/law-firm-seo-phoenix/,https://jurispage.com/law-firm-seo-seattle/,0.54
https://jurispage.com/law-firm-seo-seattle/,https://jurispage.com/law-firm-seo-tampa/,0.54
https://jurispage.com/law-firm-website-design-austin/,https://jurispage.com/law-firm-website-design-chicago/,0.54
https://jurispage.com/law-firm-website-design-austin/,https://jurispage.com/law-firm-website-design-phoenix/,0.54
https://jurispage.com/law-firm-website-design-chicago/,https://jurispage.com/law-firm-website-design-houston/,0.54
https://jurispage.com/law-firm-website-design-chicago/,https://jurispage.com/law-firm-website-design-indianapolis/,0.54
https://jurispage.com/law-firm-website-design-chicago/,https://jurispage.com/law-firm-website-design-minneapolis/,0.54
https://jurispage.com/law-firm-website-design-dallas/,https://jurispage.com/law-firm-website-design-indianapolis/,0.54
https://jurispage.com/law-firm-website-design-dallas/,https://jurispage.com/law-firm-website-design-minneapolis/,0.54
https://jurispage.com/law-firm-website-design-houston/,https://jurispage.com/law-firm-website-design-phoenix/,0.54
https://jurispage.com/law-firm-website-design-minneapolis/,https://jurispage.com/law-firm-website-design-phoenix/,0.54
https://jurispage.com/law-firm-website-design-philadelphia/,https://jurispage.com/law-firm-website-design-tampa/,0.54
https://jurispage.com/law-firm-seo-austin/,https://jurispage.com/law-firm-seo-boston/,0.539
https://jurispage.com/law-firm-seo-austin/,https://jurispage.com/law-firm-seo-charlotte/,0.539
https://jurispage.com/law-firm-seo-austin/,https://jurispage.com/law-firm-seo-denver/,0.539
https://jurispage.com/law-firm-seo-austin/,https://jurispage.com/law-firm-seo-miami/,0.539
https://jurispage.com/law-firm-seo-austin/,https://jurispage.com/law-firm-seo-nashville/,0.539
https://jurispage.com/law-firm-seo-austin/,https://jurispage.com/law-firm-seo-seattle/,0.539
https://jurispage.com/law-firm-seo-boston/,https://jurispage.com/law-firm-seo-houston/,0.539
https://jurispage.com/law-firm-seo-boston/,https://jurispage.com/law-firm-seo-indianapolis/,0.539
https://jurispage.com/law-firm-seo-charlotte/,https://jurispage.com/law-firm-seo-houston/,0.539
https://jurispage.com/law-firm-seo-charlotte/,https://jurispage.com/law-firm-seo-indianapolis/,0.539
https://jurispage.com/law-firm-seo-dallas/,https://jurispage.com/law-firm-seo-phoenix/,0.539
https://jurispage.com/law-firm-seo-denver/,https://jurispage.com/law-firm-seo-houston/,0.539
https://jurispage.com/law-firm-seo-denver/,https://jurispage.com/law-firm-seo-indianapolis/,0.539
https://jurispage.com/law-firm-seo-denver/,https://jurispage.com/law-firm-seo-minneapolis/,0.539
https://jurispage.com/law-firm-seo-houston/,https://jurispage.com/law-firm-seo-miami/,0.539
https://jurispage.com/law-firm-seo-houston/,https://jurispage.com/law-firm-seo-nashville/,0.539
https://jurispage.com/law-firm-seo-houston/,https://jurispage.com/law-firm-seo-seattle/,0.539
https://jurispage.com/law-firm-seo-indianapolis/,https://jurispage.com/law-firm-seo-miami/,0.539
https://jurispage.com/law-firm-seo-indianapolis/,https://jurispage.com/law-firm-seo-nashville/,0.539
https://jurispage.com/law-firm-seo-miami/,https://jurispage.com/law-firm-seo-minneapolis/,0.539
https://jurispage.com/law-firm-seo-minneapolis/,https://jurispage.com/law-firm-seo-nashville/,0.539
https://jurispage.com/law-firm-seo-phoenix/,https://jurispage.com/law-firm-seo-tampa/,0.539
https://jurispage.com/law-firm-website-design-austin/,https://jurispage.com/law-firm-website-design-philadelphia/,0.539
https://jurispage.com/law-firm-website-design-houston/,https://jurispage.com/law-firm-website-design-philadelphia/,0.539
https://jurispage.com/law-firm-website-design-indianapolis/,https://jurispage.com/law-firm-website-design-philadelphia/,0.539
https://jurispage.com/law-firm-website-design-minneapolis/,https://jurispage.com/law-firm-website-design-philadelphia/,0.539
https://jurispage.com/google-ads-lawyers-charlotte/,https://jurispage.com/google-ads-lawyers-minneapolis/,0.538
https://jurispage.com/law-firm-seo-atlanta/,https://jurispage.com/law-firm-seo-chicago/,0.538
https://jurispage.com/law-firm-seo-atlanta/,https://jurispage.com/law-firm-seo-dallas/,0.538
https://jurispage.com/law-firm-seo-atlanta/,https://jurispage.com/law-firm-seo-phoenix/,0.538
https://jurispage.com/law-firm-seo-austin/,https://jurispage.com/law-firm-seo-dallas/,0.538
https://jurispage.com/law-firm-seo-austin/,https://jurispage.com/law-firm-seo-tampa/,0.538
https://jurispage.com/law-firm-seo-chicago/,https://jurispage.com/law-firm-seo-portland/,0.538
https://jurispage.com/law-firm-seo-dallas/,https://jurispage.com/law-firm-seo-houston/,0.538
https://jurispage.com/law-firm-seo-dallas/,https://jurispage.com/law-firm-seo-portland/,0.538
https://jurispage.com/law-firm-seo-houston/,https://jurispage.com/law-firm-seo-tampa/,0.538
https://jurispage.com/law-firm-seo-indianapolis/,https://jurispage.com/law-firm-seo-phoenix/,0.538
https://jurispage.com/law-firm-seo-indianapolis/,https://jurispage.com/law-firm-seo-tampa/,0.538
https://jurispage.com/law-firm-seo-minneapolis/,https://jurispage.com/law-firm-seo-tampa/,0.538
https://jurispage.com/law-firm-seo-san-diego/,https://jurispage.com/law-firm-seo-tampa/,0.538
https://jurispage.com/law-firm-website-design-chicago/,https://jurispage.com/law-firm-website-design-dallas/,0.538
https://jurispage.com/law-firm-website-design-chicago/,https://jurispage.com/law-firm-website-design-phoenix/,0.538
https://jurispage.com/law-firm-marketing-san-diego/,https://jurispage.com/law-firm-marketing-san-francisco/,0.537
https://jurispage.com/law-firm-marketing-san-francisco/,https://jurispage.com/law-firm-marketing-san-jose/,0.537
https://jurispage.com/law-firm-seo-atlanta/,https://jurispage.com/law-firm-seo-philadelphia/,0.537
https://jurispage.com/law-firm-seo-austin/,https://jurispage.com/law-firm-seo-indianapolis/,0.537
https://jurispage.com/law-firm-seo-austin/,https://jurispage.com/law-firm-seo-minneapolis/,0.537
https://jurispage.com/law-firm-seo-boston/,https://jurispage.com/law-firm-seo-chicago/,0.537
https://jurispage.com/law-firm-seo-charlotte/,https://jurispage.com/law-firm-seo-chicago/,0.537
https://jurispage.com/law-firm-seo-charlotte/,https://jurispage.com/law-firm-seo-dallas/,0.537
https://jurispage.com/law-firm-seo-charlotte/,https://jurispage.com/law-firm-seo-phoenix/,0.537
https://jurispage.com/law-firm-seo-chicago/,https://jurispage.com/law-firm-seo-denver/,0.537
https://jurispage.com/law-firm-seo-chicago/,https://jurispage.com/law-firm-seo-miami/,0.537
https://jurispage.com/law-firm-seo-chicago/,https://jurispage.com/law-firm-seo-nashville/,0.537
https://jurispage.com/law-firm-seo-chicago/,https://jurispage.com/law-firm-seo-seattle/,0.537
https://jurispage.com/law-firm-seo-dallas/,https://jurispage.com/law-firm-seo-miami/,0.537
https://jurispage.com/law-firm-seo-dallas/,https://jurispage.com/law-firm-seo-nashville/,0.537
https://jurispage.com/law-firm-seo-dallas/,https://jurispage.com/law-firm-seo-seattle/,0.537
https://jurispage.com/law-firm-seo-houston/,https://jurispage.com/law-firm-seo-indianapolis/,0.537
https://jurispage.com/law-firm-seo-houston/,https://jurispage.com/law-firm-seo-minneapolis/,0.537
https://jurispage.com/law-firm-seo-miami/,https://jurispage.com/law-firm-seo-phoenix/,0.537
https://jurispage.com/law-firm-seo-nashville/,https://jurispage.com/law-firm-seo-phoenix/,0.537
https://jurispage.com/law-firm-seo-philadelphia/,https://jurispage.com/law-firm-seo-portland/,0.537
https://jurispage.com/law-firm-website-design-chicago/,https://jurispage.com/law-firm-website-design-philadelphia/,0.537
https://jurispage.com/law-firm-website-design-dallas/,https://jurispage.com/law-firm-website-design-philadelphia/,0.537
https://jurispage.com/law-firm-website-design-denver/,https://jurispage.com/law-firm-website-design-las-vegas/,0.537
https://jurispage.com/law-firm-website-design-philadelphia/,https://jurispage.com/law-firm-website-design-phoenix/,0.537
https://jurispage.com/google-ads-lawyers-austin/,https://jurispage.com/google-ads-lawyers-houston/,0.536
https://jurispage.com/google-ads-lawyers-indianapolis/,https://jurispage.com/google-ads-lawyers-minneapolis/,0.536
https://jurispage.com/law-firm-marketing-denver/,https://jurispage.com/law-firm-marketing-tampa/,0.536
https://jurispage.com/law-firm-marketing-san-antonio/,https://jurispage.com/law-firm-marketing-san-diego/,0.536
https://jurispage.com/law-firm-marketing-san-antonio/,https://jurispage.com/law-firm-marketing-san-jose/,0.536
https://jurispage.com/law-firm-seo-boston/,https://jurispage.com/law-firm-seo-philadelphia/,0.536
https://jurispage.com/law-firm-seo-charlotte/,https://jurispage.com/law-firm-seo-philadelphia/,0.536
https://jurispage.com/law-firm-seo-chicago/,https://jurispage.com/law-firm-seo-tampa/,0.536
https://jurispage.com/law-firm-seo-denver/,https://jurispage.com/law-firm-seo-philadelphia/,0.536
https://jurispage.com/law-firm-seo-miami/,https://jurispage.com/law-firm-seo-philadelphia/,0.536
https://jurispage.com/law-firm-seo-nashville/,https://jurispage.com/law-firm-seo-philadelphia/,0.536
https://jurispage.com/law-firm-seo-philadelphia/,https://jurispage.com/law-firm-seo-seattle/,0.536
https://jurispage.com/google-ads-lawyers-boston/,https://jurispage.com/google-ads-lawyers-seattle/,0.535
https://jurispage.com/law-firm-marketing-denver/,https://jurispage.com/law-firm-marketing-portland/,0.535
https://jurispage.com/law-firm-seo-austin/,https://jurispage.com/law-firm-seo-chicago/,0.535
https://jurispage.com/law-firm-seo-austin/,https://jurispage.com/law-firm-seo-phoenix/,0.535
https://jurispage.com/law-firm-seo-chicago/,https://jurispage.com/law-firm-seo-houston/,0.535
https://jurispage.com/law-firm-seo-chicago/,https://jurispage.com/law-firm-seo-indianapolis/,0.535
https://jurispage.com/law-firm-seo-chicago/,https://jurispage.com/law-firm-seo-minneapolis/,0.535
https://jurispage.com/law-firm-seo-dallas/,https://jurispage.com/law-firm-seo-indianapolis/,0.535
https://jurispage.com/law-firm-seo-dallas/,https://jurispage.com/law-firm-seo-minneapolis/,0.535
https://jurispage.com/law-firm-seo-denver/,https://jurispage.com/law-firm-seo-las-vegas/,0.535
https://jurispage.com/law-firm-seo-houston/,https://jurispage.com/law-firm-seo-phoenix/,0.535
https://jurispage.com/law-firm-seo-minneapolis/,https://jurispage.com/law-firm-seo-phoenix/,0.535
https://jurispage.com/law-firm-seo-philadelphia/,https://jurispage.com/law-firm-seo-tampa/,0.535
https://jurispage.com/law-firm-website-design-portland/,https://jurispage.com/law-firm-website-design-san-jose/,0.535
https://jurispage.com/google-ads-lawyers-boston/,https://jurispage.com/google-ads-lawyers-tampa/,0.534
https://jurispage.com/google-ads-lawyers-indianapolis/,https://jurispage.com/google-ads-lawyers-portland/,0.534
https://jurispage.com/law-firm-marketing-portland/,https://jurispage.com/law-firm-marketing-tampa/,0.534
https://jurispage.com/law-firm-seo-austin/,https://jurispage.com/law-firm-seo-philadelphia/,0.534
https://jurispage.com/law-firm-seo-houston/,https://jurispage.com/law-firm-seo-philadelphia/,0.534
https://jurispage.com/law-firm-seo-indianapolis/,https://jurispage.com/law-firm-seo-philadelphia/,0.534
https://jurispage.com/law-firm-seo-minneapolis/,https://jurispage.com/law-firm-seo-philadelphia/,0.534
https://jurispage.com/law-firm-website-design-boston/,https://jurispage.com/law-firm-website-design-san-diego/,0.534
https://jurispage.com/law-firm-website-design-denver/,https://jurispage.com/law-firm-website-design-san-diego/,0.534
https://jurispage.com/law-firm-website-design-denver/,https://jurispage.com/law-firm-website-design-san-jose/,0.534
https://jurispage.com/google-ads-lawyers-atlanta/,https://jurispage.com/google-ads-lawyers-charlotte/,0.533
https://jurispage.com/google-ads-lawyers-atlanta/,https://jurispage.com/google-ads-lawyers-denver/,0.533
https://jurispage.com/google-ads-lawyers-nashville/,https://jurispage.com/google-ads-lawyers-portland/,0.533
https://jurispage.com/law-firm-seo-chicago/,https://jurispage.com/law-firm-seo-dallas/,0.533
https://jurispage.com/law-firm-seo-chicago/,https://jurispage.com/law-firm-seo-phoenix/,0.533
https://jurispage.com/law-firm-website-design-portland/,https://jurispage.com/law-firm-website-design-washington-dc/,0.533
https://jurispage.com/law-firm-website-design-san-jose/,https://jurispage.com/law-firm-website-design-tampa/,0.533
https://jurispage.com/google-ads-lawyers-boston/,https://jurispage.com/google-ads-lawyers-denver/,0.532
https://jurispage.com/google-ads-lawyers-denver/,https://jurispage.com/google-ads-lawyers-nashville/,0.532
https://jurispage.com/law-firm-seo-chicago/,https://jurispage.com/law-firm-seo-philadelphia/,0.532
https://jurispage.com/law-firm-seo-dallas/,https://jurispage.com/law-firm-seo-philadelphia/,0.532
https://jurispage.com/law-firm-seo-philadelphia/,https://jurispage.com/law-firm-seo-phoenix/,0.532
https://jurispage.com/law-firm-seo-portland/,https://jurispage.com/law-firm-seo-san-jose/,0.532
https://jurispage.com/law-firm-website-design-denver/,https://jurispage.com/law-firm-website-design-washington-dc/,0.532
https://jurispage.com/law-firm-website-design-nashville/,https://jurispage.com/law-firm-website-design-washington-dc/,0.532
https://jurispage.com/law-firm-website-design-portland/,https://jurispage.com/law-firm-website-design-san-diego/,0.532
https://jurispage.com/law-firm-website-design-portland/,https://jurispage.com/law-firm-website-design-san-francisco/,0.532
https://jurispage.com/law-firm-website-design-san-antonio/,https://jurispage.com/law-firm-website-design-tampa/,0.532
https://jurispage.com/google-ads-lawyers-atlanta/,https://jurispage.com/google-ads-lawyers-portland/,0.531
https://jurispage.com/google-ads-lawyers-boston/,https://jurispage.com/google-ads-lawyers-dallas/,0.531
https://jurispage.com/google-ads-lawyers-miami/,https://jurispage.com/google-ads-lawyers-tampa/,0.531
https://jurispage.com/google-ads-lawyers-nashville/,https://jurispage.com/google-ads-lawyers-tampa/,0.531
https://jurispage.com/law-firm-seo-boston/,https://jurispage.com/law-firm-seo-san-diego/,0.531
https://jurispage.com/law-firm-seo-denver/,https://jurispage.com/law-firm-seo-san-diego/,0.531
https://jurispage.com/law-firm-seo-denver/,https://jurispage.com/law-firm-seo-san-jose/,0.531
https://jurispage.com/law-firm-website-design-minneapolis/,https://jurispage.com/law-firm-website-design-san-antonio/,0.531
https://jurispage.com/law-firm-website-design-nashville/,https://jurispage.com/law-firm-website-design-san-diego/,0.531
https://jurispage.com/law-firm-website-design-nashville/,https://jurispage.com/law-firm-website-design-san-jose/,0.531
https://jurispage.com/law-firm-website-design-san-jose/,https://jurispage.com/law-firm-website-design-seattle/,0.531
https://jurispage.com/law-firm-website-design-tampa/,https://jurispage.com/law-firm-website-design-washington-dc/,0.531
https://jurispage.com/google-ads-lawyers-atlanta/,https://jurispage.com/google-ads-lawyers-boston/,0.53
https://jurispage.com/google-ads-lawyers-atlanta/,https://jurispage.com/google-ads-lawyers-miami/,0.53
https://jurispage.com/google-ads-lawyers-atlanta/,https://jurispage.com/google-ads-lawyers-nashville/,0.53
https://jurispage.com/google-ads-lawyers-atlanta/,https://jurispage.com/google-ads-lawyers-seattle/,0.53
https://jurispage.com/google-ads-lawyers-boston/,https://jurispage.com/google-ads-lawyers-minneapolis/,0.53
https://jurispage.com/google-ads-lawyers-boston/,https://jurispage.com/google-ads-lawyers-portland/,0.53
https://jurispage.com/google-ads-lawyers-charlotte/,https://jurispage.com/google-ads-lawyers-portland/,0.53
https://jurispage.com/google-ads-lawyers-dallas/,https://jurispage.com/google-ads-lawyers-tampa/,0.53
https://jurispage.com/google-ads-lawyers-indianapolis/,https://jurispage.com/google-ads-lawyers-seattle/,0.53
https://jurispage.com/google-ads-lawyers-miami/,https://jurispage.com/google-ads-lawyers-portland/,0.53
https://jurispage.com/google-ads-lawyers-minneapolis/,https://jurispage.com/google-ads-lawyers-seattle/,0.53
https://jurispage.com/law-firm-marketing-indianapolis/,https://jurispage.com/law-firm-marketing-minneapolis/,0.53
https://jurispage.com/law-firm-marketing-san-antonio/,https://jurispage.com/law-firm-marketing-san-francisco/,0.53
https://jurispage.com/law-firm-seo-portland/,https://jurispage.com/law-firm-seo-washington-dc/,0.53
https://jurispage.com/law-firm-seo-san-jose/,https://jurispage.com/law-firm-seo-tampa/,0.53
https://jurispage.com/law-firm-website-design-atlanta/,https://jurispage.com/law-firm-website-design-las-vegas/,0.53
https://jurispage.com/law-firm-website-design-atlanta/,https://jurispage.com/law-firm-website-design-washington-dc/,0.53
https://jurispage.com/law-firm-website-design-boston/,https://jurispage.com/law-firm-website-design-san-antonio/,0.53
https://jurispage.com/law-firm-website-design-dallas/,https://jurispage.com/law-firm-website-design-san-diego/,0.53
https://jurispage.com/law-firm-website-design-las-vegas/,https://jurispage.com/law-firm-website-design-portland/,0.53
https://jurispage.com/law-firm-website-design-san-antonio/,https://jurispage.com/law-firm-website-design-seattle/,0.53
https://jurispage.com/google-ads-lawyers-atlanta/,https://jurispage.com/google-ads-lawyers-tampa/,0.529
https://jurispage.com/google-ads-lawyers-boston/,https://jurispage.com/google-ads-lawyers-charlotte/,0.529
https://jurispage.com/google-ads-lawyers-boston/,https://jurispage.com/google-ads-lawyers-miami/,0.529
https://jurispage.com/google-ads-lawyers-boston/,https://jurispage.com/google-ads-lawyers-nashville/,0.529
https://jurispage.com/google-ads-lawyers-charlotte/,https://jurispage.com/google-ads-lawyers-denver/,0.529
https://jurispage.com/google-ads-lawyers-charlotte/,https://jurispage.com/google-ads-lawyers-miami/,0.529
https://jurispage.com/google-ads-lawyers-charlotte/,https://jurispage.com/google-ads-lawyers-nashville/,0.529
https://jurispage.com/google-ads-lawyers-charlotte/,https://jurispage.com/google-ads-lawyers-seattle/,0.529
https://jurispage.com/google-ads-lawyers-denver/,https://jurispage.com/google-ads-lawyers-miami/,0.529
https://jurispage.com/google-ads-lawyers-denver/,https://jurispage.com/google-ads-lawyers-seattle/,0.529
https://jurispage.com/google-ads-lawyers-miami/,https://jurispage.com/google-ads-lawyers-nashville/,0.529
https://jurispage.com/google-ads-lawyers-miami/,https://jurispage.com/google-ads-lawyers-seattle/,0.529
https://jurispage.com/google-ads-lawyers-nashville/,https://jurispage.com/google-ads-lawyers-seattle/,0.529
https://jurispage.com/google-ads-lawyers-phoenix/,https://jurispage.com/google-ads-lawyers-portland/,0.529
https://jurispage.com/law-firm-seo-denver/,https://jurispage.com/law-firm-seo-washington-dc/,0.529
https://jurispage.com/law-firm-seo-nashville/,https://jurispage.com/law-firm-seo-washington-dc/,0.529
https://jurispage.com/law-firm-seo-portland/,https://jurispage.com/law-firm-seo-san-diego/,0.529
https://jurispage.com/law-firm-seo-portland/,https://jurispage.com/law-firm-seo-san-francisco/,0.529
https://jurispage.com/law-firm-seo-san-antonio/,https://jurispage.com/law-firm-seo-tampa/,0.529
https://jurispage.com/law-firm-website-design-atlanta/,https://jurispage.com/law-firm-website-design-san-diego/,0.529
https://jurispage.com/law-firm-website-design-atlanta/,https://jurispage.com/law-firm-website-design-san-jose/,0.529
https://jurispage.com/law-firm-website-design-boston/,https://jurispage.com/law-firm-website-design-washington-dc/,0.529
https://jurispage.com/law-firm-website-design-charlotte/,https://jurispage.com/law-firm-website-design-washington-dc/,0.529
https://jurispage.com/law-firm-website-design-las-vegas/,https://jurispage.com/law-firm-website-design-nashville/,0.529
https://jurispage.com/law-firm-website-design-miami/,https://jurispage.com/law-firm-website-design-washington-dc/,0.529
https://jurispage.com/law-firm-website-design-seattle/,https://jurispage.com/law-firm-website-design-washington-dc/,0.529
https://jurispage.com/google-ads-lawyers-atlanta/,https://jurispage.com/google-ads-lawyers-austin/,0.528
https://jurispage.com/google-ads-lawyers-atlanta/,https://jurispage.com/google-ads-lawyers-houston/,0.528
https://jurispage.com/google-ads-lawyers-atlanta/,https://jurispage.com/google-ads-lawyers-indianapolis/,0.528
https://jurispage.com/google-ads-lawyers-atlanta/,https://jurispage.com/google-ads-lawyers-minneapolis/,0.528
https://jurispage.com/google-ads-lawyers-austin/,https://jurispage.com/google-ads-lawyers-portland/,0.528
https://jurispage.com/google-ads-lawyers-boston/,https://jurispage.com/google-ads-lawyers-phoenix/,0.528
https://jurispage.com/google-ads-lawyers-charlotte/,https://jurispage.com/google-ads-lawyers-tampa/,0.528
https://jurispage.com/google-ads-lawyers-dallas/,https://jurispage.com/google-ads-lawyers-denver/,0.528
https://jurispage.com/google-ads-lawyers-denver/,https://jurispage.com/google-ads-lawyers-phoenix/,0.528
https://jurispage.com/google-ads-lawyers-houston/,https://jurispage.com/google-ads-lawyers-portland/,0.528
https://jurispage.com/google-ads-lawyers-minneapolis/,https://jurispage.com/google-ads-lawyers-portland/,0.528
https://jurispage.com/google-ads-lawyers-phoenix/,https://jurispage.com/google-ads-lawyers-seattle/,0.528
https://jurispage.com/google-ads-lawyers-seattle/,https://jurispage.com/google-ads-lawyers-tampa/,0.528
https://jurispage.com/law-firm-seo-atlanta/,https://jurispage.com/law-firm-seo-washington-dc/,0.528
https://jurispage.com/law-firm-seo-minneapolis/,https://jurispage.com/law-firm-seo-san-antonio/,0.528
https://jurispage.com/law-firm-seo-nashville/,https://jurispage.com/law-firm-seo-san-diego/,0.528
https://jurispage.com/law-firm-seo-nashville/,https://jurispage.com/law-firm-seo-san-jose/,0.528
https://jurispage.com/law-firm-seo-san-jose/,https://jurispage.com/law-firm-seo-seattle/,0.528
https://jurispage.com/law-firm-seo-tampa/,https://jurispage.com/law-firm-seo-washington-dc/,0.528
https://jurispage.com/law-firm-website-design-atlanta/,https://jurispage.com/law-firm-website-design-san-antonio/,0.528
https://jurispage.com/law-firm-website-design-austin/,https://jurispage.com/law-firm-website-design-san-antonio/,0.528
https://jurispage.com/law-firm-website-design-boston/,https://jurispage.com/law-firm-website-design-san-jose/,0.528
https://jurispage.com/law-firm-website-design-charlotte/,https://jurispage.com/law-firm-website-design-san-diego/,0.528
https://jurispage.com/law-firm-website-design-charlotte/,https://jurispage.com/law-firm-website-design-san-jose/,0.528
https://jurispage.com/law-firm-website-design-houston/,https://jurispage.com/law-firm-website-design-san-antonio/,0.528
https://jurispage.com/law-firm-website-design-las-vegas/,https://jurispage.com/law-firm-website-design-tampa/,0.528
https://jurispage.com/law-firm-website-design-miami/,https://jurispage.com/law-firm-website-design-san-diego/,0.528
https://jurispage.com/law-firm-website-design-miami/,https://jurispage.com/law-firm-website-design-san-jose/,0.528
https://jurispage.com/law-firm-website-design-portland/,https://jurispage.com/law-firm-website-design-san-antonio/,0.528
https://jurispage.com/law-firm-website-design-san-diego/,https://jurispage.com/law-firm-website-design-seattle/,0.528
https://jurispage.com/google-ads-lawyers-austin/,https://jurispage.com/google-ads-lawyers-boston/,0.527
https://jurispage.com/google-ads-lawyers-austin/,https://jurispage.com/google-ads-lawyers-charlotte/,0.527
https://jurispage.com/google-ads-lawyers-austin/,https://jurispage.com/google-ads-lawyers-denver/,0.527
https://jurispage.com/google-ads-lawyers-austin/,https://jurispage.com/google-ads-lawyers-miami/,0.527
https://jurispage.com/google-ads-lawyers-austin/,https://jurispage.com/google-ads-lawyers-nashville/,0.527
https://jurispage.com/google-ads-lawyers-austin/,https://jurispage.com/google-ads-lawyers-seattle/,0.527
https://jurispage.com/google-ads-lawyers-boston/,https://jurispage.com/google-ads-lawyers-houston/,0.527
https://jurispage.com/google-ads-lawyers-boston/,https://jurispage.com/google-ads-lawyers-indianapolis/,0.527
https://jurispage.com/google-ads-lawyers-charlotte/,https://jurispage.com/google-ads-lawyers-houston/,0.527
https://jurispage.com/google-ads-lawyers-charlotte/,https://jurispage.com/google-ads-lawyers-indianapolis/,0.527
https://jurispage.com/google-ads-lawyers-dallas/,https://jurispage.com/google-ads-lawyers-phoenix/,0.527
https://jurispage.com/google-ads-lawyers-denver/,https://jurispage.com/google-ads-lawyers-houston/,0.527
https://jurispage.com/google-ads-lawyers-denver/,https://jurispage.com/google-ads-lawyers-indianapolis/,0.527
https://jurispage.com/google-ads-lawyers-denver/,https://jurispage.com/google-ads-lawyers-minneapolis/,0.527
https://jurispage.com/google-ads-lawyers-houston/,https://jurispage.com/google-ads-lawyers-miami/,0.527
https://jurispage.com/google-ads-lawyers-houston/,https://jurispage.com/google-ads-lawyers-nashville/,0.527
https://jurispage.com/google-ads-lawyers-houston/,https://jurispage.com/google-ads-lawyers-seattle/,0.527
https://jurispage.com/google-ads-lawyers-indianapolis/,https://jurispage.com/google-ads-lawyers-miami/,0.527
https://jurispage.com/google-ads-lawyers-indianapolis/,https://jurispage.com/google-ads-lawyers-nashville/,0.527
https://jurispage.com/google-ads-lawyers-miami/,https://jurispage.com/google-ads-lawyers-minneapolis/,0.527
https://jurispage.com/google-ads-lawyers-minneapolis/,https://jurispage.com/google-ads-lawyers-nashville/,0.527
https://jurispage.com/google-ads-lawyers-phoenix/,https://jurispage.com/google-ads-lawyers-tampa/,0.527
https://jurispage.com/law-firm-marketing-austin/,https://jurispage.com/law-firm-marketing-houston/,0.527
https://jurispage.com/law-firm-seo-atlanta/,https://jurispage.com/law-firm-seo-las-vegas/,0.527
https://jurispage.com/law-firm-seo-atlanta/,https://jurispage.com/law-firm-seo-san-diego/,0.527
https://jurispage.com/law-firm-seo-atlanta/,https://jurispage.com/law-firm-seo-san-jose/,0.527
https://jurispage.com/law-firm-seo-boston/,https://jurispage.com/law-firm-seo-san-antonio/,0.527
https://jurispage.com/law-firm-seo-boston/,https://jurispage.com/law-firm-seo-washington-dc/,0.527
https://jurispage.com/law-firm-seo-charlotte/,https://jurispage.com/law-firm-seo-washington-dc/,0.527
https://jurispage.com/law-firm-seo-dallas/,https://jurispage.com/law-firm-seo-san-diego/,0.527
https://jurispage.com/law-firm-seo-las-vegas/,https://jurispage.com/law-firm-seo-nashville/,0.527
https://jurispage.com/law-firm-seo-las-vegas/,https://jurispage.com/law-firm-seo-portland/,0.527
https://jurispage.com/law-firm-seo-miami/,https://jurispage.com/law-firm-seo-washington-dc/,0.527
https://jurispage.com/law-firm-seo-san-antonio/,https://jurispage.com/law-firm-seo-seattle/,0.527
https://jurispage.com/law-firm-seo-seattle/,https://jurispage.com/law-firm-seo-washington-dc/,0.527
https://jurispage.com/law-firm-website-design-austin/,https://jurispage.com/law-firm-website-design-washington-dc/,0.527
https://jurispage.com/law-firm-website-design-charlotte/,https://jurispage.com/law-firm-website-design-san-antonio/,0.527
https://jurispage.com/law-firm-website-design-denver/,https://jurispage.com/law-firm-website-design-san-antonio/,0.527
https://jurispage.com/law-firm-website-design-houston/,https://jurispage.com/law-firm-website-design-washington-dc/,0.527
https://jurispage.com/law-firm-website-design-indianapolis/,https://jurispage.com/law-firm-website-design-washington-dc/,0.527
https://jurispage.com/law-firm-website-design-miami/,https://jurispage.com/law-firm-website-design-san-antonio/,0.527
https://jurispage.com/law-firm-website-design-minneapolis/,https://jurispage.com/law-firm-website-design-washington-dc/,0.527
https://jurispage.com/law-firm-website-design-nashville/,https://jurispage.com/law-firm-website-design-san-antonio/,0.527
https://jurispage.com/law-firm-website-design-phoenix/,https://jurispage.com/law-firm-website-design-san-diego/,0.527
https://jurispage.com/google-ads-lawyers-atlanta/,https://jurispage.com/google-ads-lawyers-chicago/,0.526
https://jurispage.com/google-ads-lawyers-atlanta/,https://jurispage.com/google-ads-lawyers-dallas/,0.526
https://jurispage.com/google-ads-lawyers-atlanta/,https://jurispage.com/google-ads-lawyers-phoenix/,0.526
https://jurispage.com/google-ads-lawyers-austin/,https://jurispage.com/google-ads-lawyers-dallas/,0.526
https://jurispage.com/google-ads-lawyers-austin/,https://jurispage.com/google-ads-lawyers-tampa/,0.526
https://jurispage.com/google-ads-lawyers-chicago/,https://jurispage.com/google-ads-lawyers-portland/,0.526
https://jurispage.com/google-ads-lawyers-dallas/,https://jurispage.com/google-ads-lawyers-houston/,0.526
https://jurispage.com/google-ads-lawyers-dallas/,https://jurispage.com/google-ads-lawyers-portland/,0.526
https://jurispage.com/google-ads-lawyers-houston/,https://jurispage.com/google-ads-lawyers-tampa/,0.526
https://jurispage.com/google-ads-lawyers-indianapolis/,https://jurispage.com/google-ads-lawyers-phoenix/,0.526
https://jurispage.com/google-ads-lawyers-indianapolis/,https://jurispage.com/google-ads-lawyers-tampa/,0.526
https://jurispage.com/google-ads-lawyers-minneapolis/,https://jurispage.com/google-ads-lawyers-tampa/,0.526
https://jurispage.com/law-firm-marketing-charlotte/,https://jurispage.com/law-firm-marketing-minneapolis/,0.526
https://jurispage.com/law-firm-seo-atlanta/,https://jurispage.com/law-firm-seo-san-antonio/,0.526
https://jurispage.com/law-firm-seo-austin/,https://jurispage.com/law-firm-seo-san-antonio/,0.526
https://jurispage.com/law-firm-seo-boston/,https://jurispage.com/law-firm-seo-san-jose/,0.526
https://jurispage.com/law-firm-seo-charlotte/,https://jurispage.com/law-firm-seo-san-diego/,0.526
https://jurispage.com/law-firm-seo-charlotte/,https://jurispage.com/law-firm-seo-san-jose/,0.526
https://jurispage.com/law-firm-seo-houston/,https://jurispage.com/law-firm-seo-san-antonio/,0.526
https://jurispage.com/law-firm-seo-las-vegas/,https://jurispage.com/law-firm-seo-tampa/,0.526
https://jurispage.com/law-firm-seo-miami/,https://jurispage.com/law-firm-seo-san-diego/,0.526
https://jurispage.com/law-firm-seo-miami/,https://jurispage.com/law-firm-seo-san-jose/,0.526
https://jurispage.com/law-firm-seo-portland/,https://jurispage.com/law-firm-seo-san-antonio/,0.526
https://jurispage.com/law-firm-seo-san-diego/,https://jurispage.com/law-firm-seo-seattle/,0.526
https://jurispage.com/law-firm-website-design-atlanta/,https://jurispage.com/law-firm-website-design-new-york/,0.526
https://jurispage.com/law-firm-website-design-austin/,https://jurispage.com/law-firm-website-design-san-diego/,0.526
https://jurispage.com/law-firm-website-design-austin/,https://jurispage.com/law-firm-website-design-san-jose/,0.526
https://jurispage.com/law-firm-website-design-boston/,https://jurispage.com/law-firm-website-design-las-vegas/,0.526
https://jurispage.com/law-firm-website-design-charlotte/,https://jurispage.com/law-firm-website-design-las-vegas/,0.526
https://jurispage.com/law-firm-website-design-dallas/,https://jurispage.com/law-firm-website-design-san-antonio/,0.526
https://jurispage.com/law-firm-website-design-houston/,https://jurispage.com/law-firm-website-design-san-diego/,0.526
https://jurispage.com/law-firm-website-design-houston/,https://jurispage.com/law-firm-website-design-san-jose/,0.526
https://jurispage.com/law-firm-website-design-indianapolis/,https://jurispage.com/law-firm-website-design-san-diego/,0.526
https://jurispage.com/law-firm-website-design-indianapolis/,https://jurispage.com/law-firm-website-design-san-jose/,0.526
https://jurispage.com/law-firm-website-design-las-vegas/,https://jurispage.com/law-firm-website-design-miami/,0.526
https://jurispage.com/law-firm-website-design-las-vegas/,https://jurispage.com/law-firm-website-design-seattle/,0.526
https://jurispage.com/law-firm-website-design-minneapolis/,https://jurispage.com/law-firm-website-design-san-diego/,0.526
https://jurispage.com/law-firm-website-design-minneapolis/,https://jurispage.com/law-firm-website-design-san-jose/,0.526
https://jurispage.com/law-firm-website-design-phoenix/,https://jurispage.com/law-firm-website-design-san-antonio/,0.526
https://jurispage.com/google-ads-lawyers-atlanta/,https://jurispage.com/google-ads-lawyers-philadelphia/,0.525
https://jurispage.com/google-ads-lawyers-austin/,https://jurispage.com/google-ads-lawyers-indianapolis/,0.525
https://jurispage.com/google-ads-lawyers-austin/,https://jurispage.com/google-ads-lawyers-minneapolis/,0.525
https://jurispage.com/google-ads-lawyers-boston/,https://jurispage.com/google-ads-lawyers-chicago/,0.525
https://jurispage.com/google-ads-lawyers-charlotte/,https://jurispage.com/google-ads-lawyers-chicago/,0.525
https://jurispage.com/google-ads-lawyers-charlotte/,https://jurispage.com/google-ads-lawyers-dallas/,0.525
https://jurispage.com/google-ads-lawyers-charlotte/,https://jurispage.com/google-ads-lawyers-phoenix/,0.525
https://jurispage.com/google-ads-lawyers-chicago/,https://jurispage.com/google-ads-lawyers-denver/,0.525
https://jurispage.com/google-ads-lawyers-chicago/,https://jurispage.com/google-ads-lawyers-miami/,0.525
https://jurispage.com/google-ads-lawyers-chicago/,https://jurispage.com/google-ads-lawyers-nashville/,0.525
https://jurispage.com/google-ads-lawyers-chicago/,https://jurispage.com/google-ads-lawyers-seattle/,0.525
https://jurispage.com/google-ads-lawyers-dallas/,https://jurispage.com/google-ads-lawyers-miami/,0.525
https://jurispage.com/google-ads-lawyers-dallas/,https://jurispage.com/google-ads-lawyers-nashville/,0.525
https://jurispage.com/google-ads-lawyers-dallas/,https://jurispage.com/google-ads-lawyers-seattle/,0.525
https://jurispage.com/google-ads-lawyers-houston/,https://jurispage.com/google-ads-lawyers-indianapolis/,0.525
https://jurispage.com/google-ads-lawyers-houston/,https://jurispage.com/google-ads-lawyers-minneapolis/,0.525
https://jurispage.com/google-ads-lawyers-miami/,https://jurispage.com/google-ads-lawyers-phoenix/,0.525
https://jurispage.com/google-ads-lawyers-nashville/,https://jurispage.com/google-ads-lawyers-phoenix/,0.525
https://jurispage.com/google-ads-lawyers-philadelphia/,https://jurispage.com/google-ads-lawyers-portland/,0.525
https://jurispage.com/law-firm-seo-austin/,https://jurispage.com/law-firm-seo-washington-dc/,0.525
https://jurispage.com/law-firm-seo-charlotte/,https://jurispage.com/law-firm-seo-san-antonio/,0.525
https://jurispage.com/law-firm-seo-denver/,https://jurispage.com/law-firm-seo-san-antonio/,0.525
https://jurispage.com/law-firm-seo-houston/,https://jurispage.com/law-firm-seo-washington-dc/,0.525
https://jurispage.com/law-firm-seo-indianapolis/,https://jurispage.com/law-firm-seo-washington-dc/,0.525
https://jurispage.com/law-firm-seo-miami/,https://jurispage.com/law-firm-seo-san-antonio/,0.525
https://jurispage.com/law-firm-seo-minneapolis/,https://jurispage.com/law-firm-seo-washington-dc/,0.525
https://jurispage.com/law-firm-seo-nashville/,https://jurispage.com/law-firm-seo-san-antonio/,0.525
https://jurispage.com/law-firm-seo-phoenix/,https://jurispage.com/law-firm-seo-san-diego/,0.525
https://jurispage.com/law-firm-website-design-chicago/,https://jurispage.com/law-firm-website-design-washington-dc/,0.525
https://jurispage.com/law-firm-website-design-dallas/,https://jurispage.com/law-firm-website-design-washington-dc/,0.525
https://jurispage.com/law-firm-website-design-denver/,https://jurispage.com/law-firm-website-design-new-york/,0.525
https://jurispage.com/law-firm-website-design-denver/,https://jurispage.com/law-firm-website-design-san-francisco/,0.525
https://jurispage.com/law-firm-website-design-indianapolis/,https://jurispage.com/law-firm-website-design-san-antonio/,0.525
https://jurispage.com/law-firm-website-design-nashville/,https://jurispage.com/law-firm-website-design-san-francisco/,0.525
https://jurispage.com/law-firm-website-design-phoenix/,https://jurispage.com/law-firm-website-design-washington-dc/,0.525
https://jurispage.com/law-firm-website-design-san-francisco/,https://jurispage.com/law-firm-website-design-seattle/,0.525
https://jurispage.com/google-ads-lawyers-boston/,https://jurispage.com/google-ads-lawyers-philadelphia/,0.524
https://jurispage.com/google-ads-lawyers-charlotte/,https://jurispage.com/google-ads-lawyers-philadelphia/,0.524
https://jurispage.com/google-ads-lawyers-chicago/,https://jurispage.com/google-ads-lawyers-tampa/,0.524
https://jurispage.com/google-ads-lawyers-denver/,https://jurispage.com/google-ads-lawyers-philadelphia/,0.524
https://jurispage.com/google-ads-lawyers-miami/,https://jurispage.com/google-ads-lawyers-philadelphia/,0.524
https://jurispage.com/google-ads-lawyers-nashville/,https://jurispage.com/google-ads-lawyers-philadelphia/,0.524
https://jurispage.com/google-ads-lawyers-philadelphia/,https://jurispage.com/google-ads-lawyers-seattle/,0.524
https://jurispage.com/google-ads-lawyers-san-diego/,https://jurispage.com/google-ads-lawyers-tampa/,0.524
https://jurispage.com/law-firm-seo-atlanta/,https://jurispage.com/law-firm-seo-new-york/,0.524
https://jurispage.com/law-firm-seo-austin/,https://jurispage.com/law-firm-seo-san-diego/,0.524
https://jurispage.com/law-firm-seo-austin/,https://jurispage.com/law-firm-seo-san-jose/,0.524
https://jurispage.com/law-firm-seo-boston/,https://jurispage.com/law-firm-seo-las-vegas/,0.524
https://jurispage.com/law-firm-seo-charlotte/,https://jurispage.com/law-firm-seo-las-vegas/,0.524
https://jurispage.com/law-firm-seo-dallas/,https://jurispage.com/law-firm-seo-san-antonio/,0.524
https://jurispage.com/law-firm-seo-houston/,https://jurispage.com/law-firm-seo-san-diego/,0.524
https://jurispage.com/law-firm-seo-houston/,https://jurispage.com/law-firm-seo-san-jose/,0.524
https://jurispage.com/law-firm-seo-indianapolis/,https://jurispage.com/law-firm-seo-san-diego/,0.524
https://jurispage.com/law-firm-seo-indianapolis/,https://jurispage.com/law-firm-seo-san-jose/,0.524
https://jurispage.com/law-firm-seo-las-vegas/,https://jurispage.com/law-firm-seo-miami/,0.524
https://jurispage.com/law-firm-seo-las-vegas/,https://jurispage.com/law-firm-seo-seattle/,0.524
https://jurispage.com/law-firm-seo-minneapolis/,https://jurispage.com/law-firm-seo-san-diego/,0.524
https://jurispage.com/law-firm-seo-minneapolis/,https://jurispage.com/law-firm-seo-san-jose/,0.524
https://jurispage.com/law-firm-seo-phoenix/,https://jurispage.com/law-firm-seo-san-antonio/,0.524
https://jurispage.com/law-firm-website-design-austin/,https://jurispage.com/law-firm-website-design-las-vegas/,0.524
https://jurispage.com/law-firm-website-design-chicago/,https://jurispage.com/law-firm-website-design-san-diego/,0.524
https://jurispage.com/law-firm-website-design-chicago/,https://jurispage.com/law-firm-website-design-san-jose/,0.524
https://jurispage.com/law-firm-website-design-dallas/,https://jurispage.com/law-firm-website-design-san-jose/,0.524
https://jurispage.com/law-firm-website-design-houston/,https://jurispage.com/law-firm-website-design-las-vegas/,0.524
https://jurispage.com/law-firm-website-design-indianapolis/,https://jurispage.com/law-firm-website-design-las-vegas/,0.524
https://jurispage.com/law-firm-website-design-las-vegas/,https://jurispage.com/law-firm-website-design-minneapolis/,0.524
https://jurispage.com/law-firm-website-design-philadelphia/,https://jurispage.com/law-firm-website-design-washington-dc/,0.524
https://jurispage.com/law-firm-website-design-phoenix/,https://jurispage.com/law-firm-website-design-san-jose/,0.524
https://jurispage.com/law-firm-website-design-san-francisco/,https://jurispage.com/law-firm-website-design-tampa/,0.524
https://jurispage.com/google-ads-lawyers-austin/,https://jurispage.com/google-ads-lawyers-chicago/,0.523
https://jurispage.com/google-ads-lawyers-austin/,https://jurispage.com/google-ads-lawyers-phoenix/,0.523
https://jurispage.com/google-ads-lawyers-chicago/,https://jurispage.com/google-ads-lawyers-houston/,0.523
https://jurispage.com/google-ads-lawyers-chicago/,https://jurispage.com/google-ads-lawyers-indianapolis/,0.523
https://jurispage.com/google-ads-lawyers-chicago/,https://jurispage.com/google-ads-lawyers-minneapolis/,0.523
https://jurispage.com/google-ads-lawyers-dallas/,https://jurispage.com/google-ads-lawyers-indianapolis/,0.523
https://jurispage.com/google-ads-lawyers-dallas/,https://jurispage.com/google-ads-lawyers-minneapolis/,0.523
https://jurispage.com/google-ads-lawyers-houston/,https://jurispage.com/google-ads-lawyers-phoenix/,0.523
https://jurispage.com/google-ads-lawyers-minneapolis/,https://jurispage.com/google-ads-lawyers-phoenix/,0.523
https://jurispage.com/google-ads-lawyers-philadelphia/,https://jurispage.com/google-ads-lawyers-tampa/,0.523
https://jurispage.com/law-firm-seo-chicago/,https://jurispage.com/law-firm-seo-washington-dc/,0.523
https://jurispage.com/law-firm-seo-dallas/,https://jurispage.com/law-firm-seo-washington-dc/,0.523
https://jurispage.com/law-firm-seo-denver/,https://jurispage.com/law-firm-seo-new-york/,0.523
https://jurispage.com/law-firm-seo-denver/,https://jurispage.com/law-firm-seo-san-francisco/,0.523
https://jurispage.com/law-firm-seo-indianapolis/,https://jurispage.com/law-firm-seo-san-antonio/,0.523
https://jurispage.com/law-firm-seo-nashville/,https://jurispage.com/law-firm-seo-san-francisco/,0.523
https://jurispage.com/law-firm-seo-phoenix/,https://jurispage.com/law-firm-seo-washington-dc/,0.523
https://jurispage.com/law-firm-seo-san-francisco/,https://jurispage.com/law-firm-seo-seattle/,0.523
https://jurispage.com/law-firm-website-design-atlanta/,https://jurispage.com/law-firm-website-design-san-francisco/,0.523
https://jurispage.com/law-firm-website-design-chicago/,https://jurispage.com/law-firm-website-design-san-antonio/,0.523
https://jurispage.com/law-firm-website-design-new-york/,https://jurispage.com/law-firm-website-design-portland/,0.523
https://jurispage.com/law-firm-website-design-philadelphia/,https://jurispage.com/law-firm-website-design-san-diego/,0.523
https://jurispage.com/law-firm-website-design-philadelphia/,https://jurispage.com/law-firm-website-design-san-jose/,0.523
https://jurispage.com/google-ads-lawyers-austin/,https://jurispage.com/google-ads-lawyers-philadelphia/,0.522
https://jurispage.com/google-ads-lawyers-houston/,https://jurispage.com/google-ads-lawyers-philadelphia/,0.522
https://jurispage.com/google-ads-lawyers-indianapolis/,https://jurispage.com/google-ads-lawyers-philadelphia/,0.522
https://jurispage.com/google-ads-lawyers-minneapolis/,https://jurispage.com/google-ads-lawyers-philadelphia/,0.522
https://jurispage.com/law-firm-marketing-boston/,https://jurispage.com/law-firm-marketing-seattle/,0.522
https://jurispage.com/law-firm-seo-austin/,https://jurispage.com/law-firm-seo-las-vegas/,0.522
https://jurispage.com/law-firm-seo-chicago/,https://jurispage.com/law-firm-seo-san-diego/,0.522
https://jurispage.com/law-firm-seo-chicago/,https://jurispage.com/law-firm-seo-san-jose/,0.522
https://jurispage.com/law-firm-seo-dallas/,https://jurispage.com/law-firm-seo-san-jose/,0.522
https://jurispage.com/law-firm-seo-houston/,https://jurispage.com/law-firm-seo-las-vegas/,0.522
https://jurispage.com/law-firm-seo-indianapolis/,https://jurispage.com/law-firm-seo-las-vegas/,0.522
https://jurispage.com/law-firm-seo-las-vegas/,https://jurispage.com/law-firm-seo-minneapolis/,0.522
https://jurispage.com/law-firm-seo-philadelphia/,https://jurispage.com/law-firm-seo-washington-dc/,0.522
https://jurispage.com/law-firm-seo-phoenix/,https://jurispage.com/law-firm-seo-san-jose/,0.522
https://jurispage.com/law-firm-seo-san-francisco/,https://jurispage.com/law-firm-seo-tampa/,0.522
https://jurispage.com/law-firm-website-design-atlanta/,https://jurispage.com/law-firm-website-design-los-angeles/,0.522
https://jurispage.com/law-firm-website-design-boston/,https://jurispage.com/law-firm-website-design-new-york/,0.522
https://jurispage.com/law-firm-website-design-boston/,https://jurispage.com/law-firm-website-design-san-francisco/,0.522
https://jurispage.com/law-firm-website-design-charlotte/,https://jurispage.com/law-firm-website-design-new-york/,0.522
https://jurispage.com/law-firm-website-design-charlotte/,https://jurispage.com/law-firm-website-design-san-francisco/,0.522
https://jurispage.com/law-firm-website-design-chicago/,https://jurispage.com/law-firm-website-design-las-vegas/,0.522
https://jurispage.com/law-firm-website-design-dallas/,https://jurispage.com/law-firm-website-design-las-vegas/,0.522
https://jurispage.com/law-firm-website-design-las-vegas/,https://jurispage.com/law-firm-website-design-philadelphia/,0.522
https://jurispage.com/law-firm-website-design-las-vegas/,https://jurispage.com/law-firm-website-design-phoenix/,0.522
https://jurispage.com/law-firm-website-design-los-angeles/,https://jurispage.com/law-firm-website-design-portland/,0.522
https://jurispage.com/law-firm-website-design-miami/,https://jurispage.com/law-firm-website-design-new-york/,0.522
https://jurispage.com/law-firm-website-design-miami/,https://jurispage.com/law-firm-website-design-san-francisco/,0.522
https://jurispage.com/law-firm-website-design-nashville/,https://jurispage.com/law-firm-website-design-new-york/,0.522
https://jurispage.com/law-firm-website-design-new-york/,https://jurispage.com/law-firm-website-design-seattle/,0.522
https://jurispage.com/law-firm-website-design-new-york/,https://jurispage.com/law-firm-website-design-tampa/,0.522
https://jurispage.com/law-firm-website-design-philadelphia/,https://jurispage.com/law-firm-website-design-san-antonio/,0.522
https://jurispage.com/google-ads-lawyers-chicago/,https://jurispage.com/google-ads-lawyers-dallas/,0.521
https://jurispage.com/google-ads-lawyers-chicago/,https://jurispage.com/google-ads-lawyers-phoenix/,0.521
https://jurispage.com/law-firm-marketing-boston/,https://jurispage.com/law-firm-marketing-tampa/,0.521
https://jurispage.com/law-firm-marketing-indianapolis/,https://jurispage.com/law-firm-marketing-portland/,0.521
https://jurispage.com/law-firm-seo-atlanta/,https://jurispage.com/law-firm-seo-san-francisco/,0.521
https://jurispage.com/law-firm-seo-chicago/,https://jurispage.com/law-firm-seo-san-antonio/,0.521
https://jurispage.com/law-firm-seo-new-york/,https://jurispage.com/law-firm-seo-portland/,0.521
https://jurispage.com/law-firm-seo-philadelphia/,https://jurispage.com/law-firm-seo-san-diego/,0.521
https://jurispage.com/law-firm-seo-philadelphia/,https://jurispage.com/law-firm-seo-san-jose/,0.521
https://jurispage.com/law-firm-website-design-austin/,https://jurispage.com/law-firm-website-design-new-york/,0.521
https://jurispage.com/law-firm-website-design-austin/,https://jurispage.com/law-firm-website-design-san-francisco/,0.521
https://jurispage.com/law-firm-website-design-boston/,https://jurispage.com/law-firm-website-design-los-angeles/,0.521
https://jurispage.com/law-firm-website-design-charlotte/,https://jurispage.com/law-firm-website-design-los-angeles/,0.521
https://jurispage.com/law-firm-website-design-denver/,https://jurispage.com/law-firm-website-design-los-angeles/,0.521
https://jurispage.com/law-firm-website-design-houston/,https://jurispage.com/law-firm-website-design-new-york/,0.521
https://jurispage.com/law-firm-website-design-houston/,https://jurispage.com/law-firm-website-design-san-francisco/,0.521
https://jurispage.com/law-firm-website-design-indianapolis/,https://jurispage.com/law-firm-website-design-new-york/,0.521
https://jurispage.com/law-firm-website-design-indianapolis/,https://jurispage.com/law-firm-website-design-san-francisco/,0.521
https://jurispage.com/law-firm-website-design-los-angeles/,https://jurispage.com/law-firm-website-design-miami/,0.521
https://jurispage.com/law-firm-website-design-los-angeles/,https://jurispage.com/law-firm-website-design-nashville/,0.521
https://jurispage.com/law-firm-website-design-los-angeles/,https://jurispage.com/law-firm-website-design-seattle/,0.521
https://jurispage.com/law-firm-website-design-minneapolis/,https://jurispage.com/law-firm-website-design-new-york/,0.521
https://jurispage.com/law-firm-website-design-minneapolis/,https://jurispage.com/law-firm-website-design-san-francisco/,0.521
https://jurispage.com/google-ads-lawyers-chicago/,https://jurispage.com/google-ads-lawyers-philadelphia/,0.52
https://jurispage.com/google-ads-lawyers-dallas/,https://jurispage.com/google-ads-lawyers-philadelphia/,0.52
https://jurispage.com/google-ads-lawyers-denver/,https://jurispage.com/google-ads-lawyers-las-vegas/,0.52
https://jurispage.com/google-ads-lawyers-philadelphia/,https://jurispage.com/google-ads-lawyers-phoenix/,0.52
https://jurispage.com/law-firm-marketing-atlanta/,https://jurispage.com/law-firm-marketing-boston/,0.52
https://jurispage.com/law-firm-marketing-atlanta/,https://jurispage.com/law-firm-marketing-charlotte/,0.52
https://jurispage.com/law-firm-marketing-atlanta/,https://jurispage.com/law-firm-marketing-denver/,0.52
https://jurispage.com/law-firm-marketing-austin/,https://jurispage.com/law-firm-marketing-nashville/,0.52
https://jurispage.com/law-firm-marketing-houston/,https://jurispage.com/law-firm-marketing-nashville/,0.52
https://jurispage.com/law-firm-marketing-nashville/,https://jurispage.com/law-firm-marketing-portland/,0.52
https://jurispage.com/law-firm-seo-boston/,https://jurispage.com/law-firm-seo-new-york/,0.52
https://jurispage.com/law-firm-seo-boston/,https://jurispage.com/law-firm-seo-san-francisco/,0.52
https://jurispage.com/law-firm-seo-charlotte/,https://jurispage.com/law-firm-seo-new-york/,0.52
https://jurispage.com/law-firm-seo-charlotte/,https://jurispage.com/law-firm-seo-san-francisco/,0.52
https://jurispage.com/law-firm-seo-chicago/,https://jurispage.com/law-firm-seo-las-vegas/,0.52
https://jurispage.com/law-firm-seo-dallas/,https://jurispage.com/law-firm-seo-las-vegas/,0.52
https://jurispage.com/law-firm-seo-las-vegas/,https://jurispage.com/law-firm-seo-phoenix/,0.52
https://jurispage.com/law-firm-seo-miami/,https://jurispage.com/law-firm-seo-new-york/,0.52
https://jurispage.com/law-firm-seo-miami/,https://jurispage.com/law-firm-seo-san-francisco/,0.52
https://jurispage.com/law-firm-seo-nashville/,https://jurispage.com/law-firm-seo-new-york/,0.52
https://jurispage.com/law-firm-seo-new-york/,https://jurispage.com/law-firm-seo-seattle/,0.52
https://jurispage.com/law-firm-seo-philadelphia/,https://jurispage.com/law-firm-seo-san-antonio/,0.52
https://jurispage.com/law-firm-website-design-los-angeles/,https://jurispage.com/law-firm-website-design-tampa/,0.52
https://jurispage.com/law-firm-marketing-boston/,https://jurispage.com/law-firm-marketing-denver/,0.519
https://jurispage.com/law-firm-marketing-charlotte/,https://jurispage.com/law-firm-marketing-denver/,0.519
https://jurispage.com/law-firm-marketing-denver/,https://jurispage.com/law-firm-marketing-nashville/,0.519
https://jurispage.com/law-firm-seo-atlanta/,https://jurispage.com/law-firm-seo-los-angeles/,0.519
https://jurispage.com/law-firm-seo-las-vegas/,https://jurispage.com/law-firm-seo-philadelphia/,0.519
https://jurispage.com/law-firm-seo-los-angeles/,https://jurispage.com/law-firm-seo-portland/,0.519
https://jurispage.com/law-firm-seo-new-york/,https://jurispage.com/law-firm-seo-tampa/,0.519
https://jurispage.com/law-firm-website-design-austin/,https://jurispage.com/law-firm-website-design-los-angeles/,0.519
https://jurispage.com/law-firm-website-design-chicago/,https://jurispage.com/law-firm-website-design-new-york/,0.519
https://jurispage.com/law-firm-website-design-chicago/,https://jurispage.com/law-firm-website-design-san-francisco/,0.519
https://jurispage.com/law-firm-website-design-dallas/,https://jurispage.com/law-firm-website-design-new-york/,0.519
https://jurispage.com/law-firm-website-design-dallas/,https://jurispage.com/law-firm-website-design-san-francisco/,0.519
https://jurispage.com/law-firm-website-design-houston/,https://jurispage.com/law-firm-website-design-los-angeles/,0.519
https://jurispage.com/law-firm-website-design-indianapolis/,https://jurispage.com/law-firm-website-design-los-angeles/,0.519
https://jurispage.com/law-firm-website-design-los-angeles/,https://jurispage.com/law-firm-website-design-minneapolis/,0.519
https://jurispage.com/law-firm-website-design-new-york/,https://jurispage.com/law-firm-website-design-phoenix/,0.519
https://jurispage.com/law-firm-website-design-phoenix/,https://jurispage.com/law-firm-website-design-san-francisco/,0.519
https://jurispage.com/google-ads-lawyers-portland/,https://jurispage.com/google-ads-lawyers-san-jose/,0.518
https://jurispage.com/law-firm-marketing-atlanta/,https://jurispage.com/law-firm-marketing-portland/,0.518
https://jurispage.com/law-firm-marketing-boston/,https://jurispage.com/law-firm-marketing-dallas/,0.518
https://jurispage.com/law-firm-marketing-denver/,https://jurispage.com/law-firm-marketing-phoenix/,0.518
https://jurispage.com/law-firm-marketing-miami/,https://jurispage.com/law-firm-marketing-tampa/,0.518
https://jurispage.com/law-firm-marketing-nashville/,https://jurispage.com/law-firm-marketing-tampa/,0.518
https://jurispage.com/law-firm-seo-austin/,https://jurispage.com/law-firm-seo-new-york/,0.518
https://jurispage.com/law-firm-seo-austin/,https://jurispage.com/law-firm-seo-san-francisco/,0.518
https://jurispage.com/law-firm-seo-boston/,https://jurispage.com/law-firm-seo-los-angeles/,0.518
https://jurispage.com/law-firm-seo-charlotte/,https://jurispage.com/law-firm-seo-los-angeles/,0.518
https://jurispage.com/law-firm-seo-denver/,https://jurispage.com/law-firm-seo-los-angeles/,0.518
https://jurispage.com/law-firm-seo-houston/,https://jurispage.com/law-firm-seo-new-york/,0.518
https://jurispage.com/law-firm-seo-houston/,https://jurispage.com/law-firm-seo-san-francisco/,0.518
https://jurispage.com/law-firm-seo-indianapolis/,https://jurispage.com/law-firm-seo-new-york/,0.518
https://jurispage.com/law-firm-seo-indianapolis/,https://jurispage.com/law-firm-seo-san-francisco/,0.518
https://jurispage.com/law-firm-seo-los-angeles/,https://jurispage.com/law-firm-seo-miami/,0.518
https://jurispage.com/law-firm-seo-los-angeles/,https://jurispage.com/law-firm-seo-nashville/,0.518
https://jurispage.com/law-firm-seo-los-angeles/,https://jurispage.com/law-firm-seo-seattle/,0.518
https://jurispage.com/law-firm-seo-minneapolis/,https://jurispage.com/law-firm-seo-new-york/,0.518
https://jurispage.com/law-firm-seo-minneapolis/,https://jurispage.com/law-firm-seo-san-francisco/,0.518
https://jurispage.com/law-firm-website-design-new-york/,https://jurispage.com/law-firm-website-design-philadelphia/,0.518
https://jurispage.com/law-firm-website-design-philadelphia/,https://jurispage.com/law-firm-website-design-san-francisco/,0.518
https://jurispage.com/google-ads-lawyers-boston/,https://jurispage.com/google-ads-lawyers-san-diego/,0.517
https://jurispage.com/google-ads-lawyers-denver/,https://jurispage.com/google-ads-lawyers-san-diego/,0.517
https://jurispage.com/google-ads-lawyers-denver/,https://jurispage.com/google-ads-lawyers-san-jose/,0.517
https://jurispage.com/law-firm-marketing-atlanta/,https://jurispage.com/law-firm-marketing-miami/,0.517
https://jurispage.com/law-firm-marketing-atlanta/,https://jurispage.com/law-firm-marketing-nashville/,0.517
https://jurispage.com/law-firm-marketing-atlanta/,https://jurispage.com/law-firm-marketing-seattle/,0.517
https://jurispage.com/law-firm-marketing-boston/,https://jurispage.com/law-firm-marketing-minneapolis/,0.517
https://jurispage.com/law-firm-marketing-boston/,https://jurispage.com/law-firm-marketing-portland/,0.517
https://jurispage.com/law-firm-marketing-charlotte/,https://jurispage.com/law-firm-marketing-portland/,0.517
https://jurispage.com/law-firm-marketing-dallas/,https://jurispage.com/law-firm-marketing-tampa/,0.517
https://jurispage.com/law-firm-marketing-indianapolis/,https://jurispage.com/law-firm-marketing-seattle/,0.517
https://jurispage.com/law-firm-marketing-miami/,https://jurispage.com/law-firm-marketing-portland/,0.517
https://jurispage.com/law-firm-marketing-minneapolis/,https://jurispage.com/law-firm-marketing-seattle/,0.517
https://jurispage.com/law-firm-seo-austin/,https://jurispage.com/law-firm-seo-los-angeles/,0.517
https://jurispage.com/law-firm-seo-chicago/,https://jurispage.com/law-firm-seo-new-york/,0.517
https://jurispage.com/law-firm-seo-chicago/,https://jurispage.com/law-firm-seo-san-francisco/,0.517
https://jurispage.com/law-firm-seo-dallas/,https://jurispage.com/law-firm-seo-new-york/,0.517
https://jurispage.com/law-firm-seo-dallas/,https://jurispage.com/law-firm-seo-san-francisco/,0.517
https://jurispage.com/law-firm-seo-houston/,https://jurispage.com/law-firm-seo-los-angeles/,0.517
https://jurispage.com/law-firm-seo-indianapolis/,https://jurispage.com/law-firm-seo-los-angeles/,0.517
https://jurispage.com/law-firm-seo-los-angeles/,https://jurispage.com/law-firm-seo-minneapolis/,0.517
https://jurispage.com/law-firm-seo-los-angeles/,https://jurispage.com/law-firm-seo-tampa/,0.517
https://jurispage.com/law-firm-seo-new-york/,https://jurispage.com/law-firm-seo-phoenix/,0.517
https://jurispage.com/law-firm-seo-phoenix/,https://jurispage.com/law-firm-seo-san-francisco/,0.517
https://jurispage.com/law-firm-website-design-chicago/,https://jurispage.com/law-firm-website-design-los-angeles/,0.517
https://jurispage.com/law-firm-website-design-dallas/,https://jurispage.com/law-firm-website-design-los-angeles/,0.517
https://jurispage.com/law-firm-website-design-los-angeles/,https://jurispage.com/law-firm-website-design-phoenix/,0.517
https://jurispage.com/google-ads-lawyers-portland/,https://jurispage.com/google-ads-lawyers-washington-dc/,0.516
https://jurispage.com/google-ads-lawyers-san-jose/,https://jurispage.com/google-ads-lawyers-tampa/,0.516
https://jurispage.com/law-firm-marketing-atlanta/,https://jurispage.com/law-firm-marketing-tampa/,0.516
https://jurispage.com/law-firm-marketing-boston/,https://jurispage.com/law-firm-marketing-charlotte/,0.516
https://jurispage.com/law-firm-marketing-boston/,https://jurispage.com/law-firm-marketing-miami/,0.516
https://jurispage.com/law-firm-marketing-boston/,https://jurispage.com/law-firm-marketing-nashville/,0.516
https://jurispage.com/law-firm-marketing-charlotte/,https://jurispage.com/law-firm-marketing-miami/,0.516
https://jurispage.com/law-firm-marketing-charlotte/,https://jurispage.com/law-firm-marketing-nashville/,0.516
https://jurispage.com/law-firm-marketing-charlotte/,https://jurispage.com/law-firm-marketing-seattle/,0.516
https://jurispage.com/law-firm-marketing-denver/,https://jurispage.com/law-firm-marketing-miami/,0.516
https://jurispage.com/law-firm-marketing-denver/,https://jurispage.com/law-firm-marketing-seattle/,0.516
https://jurispage.com/law-firm-marketing-miami/,https://jurispage.com/law-firm-marketing-nashville/,0.516
https://jurispage.com/law-firm-marketing-miami/,https://jurispage.com/law-firm-marketing-seattle/,0.516
https://jurispage.com/law-firm-marketing-nashville/,https://jurispage.com/law-firm-marketing-seattle/,0.516
https://jurispage.com/law-firm-marketing-phoenix/,https://jurispage.com/law-firm-marketing-portland/,0.516
https://jurispage.com/law-firm-seo-new-york/,https://jurispage.com/law-firm-seo-philadelphia/,0.516
https://jurispage.com/law-firm-seo-philadelphia/,https://jurispage.com/law-firm-seo-san-francisco/,0.516
https://jurispage.com/law-firm-website-design-los-angeles/,https://jurispage.com/law-firm-website-design-philadelphia/,0.516
https://jurispage.com/google-ads-lawyers-denver/,https://jurispage.com/google-ads-lawyers-washington-dc/,0.515
https://jurispage.com/google-ads-lawyers-nashville/,https://jurispage.com/google-ads-lawyers-washington-dc/,0.515
https://jurispage.com/google-ads-lawyers-portland/,https://jurispage.com/google-ads-lawyers-san-diego/,0.515
https://jurispage.com/google-ads-lawyers-portland/,https://jurispage.com/google-ads-lawyers-san-francisco/,0.515
https://jurispage.com/google-ads-lawyers-san-antonio/,https://jurispage.com/google-ads-lawyers-tampa/,0.515
https://jurispage.com/law-firm-marketing-atlanta/,https://jurispage.com/law-firm-marketing-austin/,0.515
https://jurispage.com/law-firm-marketing-atlanta/,https://jurispage.com/law-firm-marketing-houston/,0.515
https://jurispage.com/law-firm-marketing-atlanta/,https://jurispage.com/law-firm-marketing-indianapolis/,0.515
https://jurispage.com/law-firm-marketing-atlanta/,https://jurispage.com/law-firm-marketing-minneapolis/,0.515
https://jurispage.com/law-firm-marketing-atlanta/,https://jurispage.com/law-firm-marketing-philadelphia/,0.515
https://jurispage.com/law-firm-marketing-austin/,https://jurispage.com/law-firm-marketing-portland/,0.515
https://jurispage.com/law-firm-marketing-boston/,https://jurispage.com/law-firm-marketing-phoenix/,0.515
https://jurispage.com/law-firm-marketing-charlotte/,https://jurispage.com/law-firm-marketing-phoenix/,0.515
https://jurispage.com/law-firm-marketing-charlotte/,https://jurispage.com/law-firm-marketing-tampa/,0.515
https://jurispage.com/law-firm-marketing-dallas/,https://jurispage.com/law-firm-marketing-denver/,0.515
https://jurispage.com/law-firm-marketing-houston/,https://jurispage.com/law-firm-marketing-portland/,0.515
https://jurispage.com/law-firm-marketing-minneapolis/,https://jurispage.com/law-firm-marketing-portland/,0.515
https://jurispage.com/law-firm-marketing-phoenix/,https://jurispage.com/law-firm-marketing-seattle/,0.515
https://jurispage.com/law-firm-marketing-seattle/,https://jurispage.com/law-firm-marketing-tampa/,0.515
https://jurispage.com/law-firm-seo-chicago/,https://jurispage.com/law-firm-seo-los-angeles/,0.515
https://jurispage.com/law-firm-seo-dallas/,https://jurispage.com/law-firm-seo-los-angeles/,0.515
https://jurispage.com/law-firm-seo-los-angeles/,https://jurispage.com/law-firm-seo-phoenix/,0.515
https://jurispage.com/law-firm-seo-san-diego/,https://jurispage.com/law-firm-seo-washington-dc/,0.515
https://jurispage.com/law-firm-seo-san-jose/,https://jurispage.com/law-firm-seo-washington-dc/,0.515
https://jurispage.com/law-firm-website-design-san-diego/,https://jurispage.com/law-firm-website-design-washington-dc/,0.515
https://jurispage.com/law-firm-website-design-san-jose/,https://jurispage.com/law-firm-website-design-washington-dc/,0.515
https://jurispage.com/google-ads-lawyers-minneapolis/,https://jurispage.com/google-ads-lawyers-san-antonio/,0.514
https://jurispage.com/google-ads-lawyers-nashville/,https://jurispage.com/google-ads-lawyers-san-diego/,0.514
https://jurispage.com/google-ads-lawyers-nashville/,https://jurispage.com/google-ads-lawyers-san-jose/,0.514
https://jurispage.com/google-ads-lawyers-san-jose/,https://jurispage.com/google-ads-lawyers-seattle/,0.514
https://jurispage.com/google-ads-lawyers-tampa/,https://jurispage.com/google-ads-lawyers-washington-dc/,0.514
https://jurispage.com/law-firm-marketing-austin/,https://jurispage.com/law-firm-marketing-boston/,0.514
https://jurispage.com/law-firm-marketing-austin/,https://jurispage.com/law-firm-marketing-charlotte/,0.514
https://jurispage.com/law-firm-marketing-austin/,https://jurispage.com/law-firm-marketing-denver/,0.514
https://jurispage.com/law-firm-marketing-austin/,https://jurispage.com/law-firm-marketing-miami/,0.514
https://jurispage.com/law-firm-marketing-austin/,https://jurispage.com/law-firm-marketing-seattle/,0.514
https://jurispage.com/law-firm-marketing-boston/,https://jurispage.com/law-firm-marketing-houston/,0.514
https://jurispage.com/law-firm-marketing-boston/,https://jurispage.com/law-firm-marketing-indianapolis/,0.514
https://jurispage.com/law-firm-marketing-boston/,https://jurispage.com/law-firm-marketing-philadelphia/,0.514
https://jurispage.com/law-firm-marketing-charlotte/,https://jurispage.com/law-firm-marketing-houston/,0.514
https://jurispage.com/law-firm-marketing-charlotte/,https://jurispage.com/law-firm-marketing-indianapolis/,0.514
https://jurispage.com/law-firm-marketing-dallas/,https://jurispage.com/law-firm-marketing-phoenix/,0.514
https://jurispage.com/law-firm-marketing-denver/,https://jurispage.com/law-firm-marketing-houston/,0.514
https://jurispage.com/law-firm-marketing-denver/,https://jurispage.com/law-firm-marketing-indianapolis/,0.514
https://jurispage.com/law-firm-marketing-denver/,https://jurispage.com/law-firm-marketing-minneapolis/,0.514
https://jurispage.com/law-firm-marketing-houston/,https://jurispage.com/law-firm-marketing-miami/,0.514
https://jurispage.com/law-firm-marketing-houston/,https://jurispage.com/law-firm-marketing-seattle/,0.514
https://jurispage.com/law-firm-marketing-indianapolis/,https://jurispage.com/law-firm-marketing-miami/,0.514
https://jurispage.com/law-firm-marketing-indianapolis/,https://jurispage.com/law-firm-marketing-nashville/,0.514
https://jurispage.com/law-firm-marketing-miami/,https://jurispage.com/law-firm-marketing-minneapolis/,0.514
https://jurispage.com/law-firm-marketing-minneapolis/,https://jurispage.com/law-firm-marketing-nashville/,0.514
https://jurispage.com/law-firm-marketing-phoenix/,https://jurispage.com/law-firm-marketing-tampa/,0.514
https://jurispage.com/law-firm-seo-los-angeles/,https://jurispage.com/law-firm-seo-philadelphia/,0.514
https://jurispage.com/google-ads-lawyers-atlanta/,https://jurispage.com/google-ads-lawyers-las-vegas/,0.513
https://jurispage.com/google-ads-lawyers-atlanta/,https://jurispage.com/google-ads-lawyers-washington-dc/,0.513
https://jurispage.com/google-ads-lawyers-boston/,https://jurispage.com/google-ads-lawyers-san-antonio/,0.513
https://jurispage.com/google-ads-lawyers-dallas/,https://jurispage.com/google-ads-lawyers-san-diego/,0.513
https://jurispage.com/google-ads-lawyers-las-vegas/,https://jurispage.com/google-ads-lawyers-portland/,0.513
https://jurispage.com/google-ads-lawyers-san-antonio/,https://jurispage.com/google-ads-lawyers-seattle/,0.513
https://jurispage.com/law-firm-marketing-atlanta/,https://jurispage.com/law-firm-marketing-chicago/,0.513
https://jurispage.com/law-firm-marketing-atlanta/,https://jurispage.com/law-firm-marketing-dallas/,0.513
https://jurispage.com/law-firm-marketing-atlanta/,https://jurispage.com/law-firm-marketing-phoenix/,0.513
https://jurispage.com/law-firm-marketing-austin/,https://jurispage.com/law-firm-marketing-dallas/,0.513
https://jurispage.com/law-firm-marketing-austin/,https://jurispage.com/law-firm-marketing-tampa/,0.513
https://jurispage.com/law-firm-marketing-chicago/,https://jurispage.com/law-firm-marketing-portland/,0.513
https://jurispage.com/law-firm-marketing-dallas/,https://jurispage.com/law-firm-marketing-houston/,0.513
https://jurispage.com/law-firm-marketing-dallas/,https://jurispage.com/law-firm-marketing-portland/,0.513
https://jurispage.com/law-firm-marketing-houston/,https://jurispage.com/law-firm-marketing-tampa/,0.513
https://jurispage.com/law-firm-marketing-indianapolis/,https://jurispage.com/law-firm-marketing-phoenix/,0.513
https://jurispage.com/law-firm-marketing-indianapolis/,https://jurispage.com/law-firm-marketing-tampa/,0.513
https://jurispage.com/law-firm-marketing-minneapolis/,https://jurispage.com/law-firm-marketing-tampa/,0.513
https://jurispage.com/law-firm-marketing-san-diego/,https://jurispage.com/law-firm-marketing-tampa/,0.513
https://jurispage.com/law-firm-seo-las-vegas/,https://jurispage.com/law-firm-seo-washington-dc/,0.513
https://jurispage.com/law-firm-website-design-las-vegas/,https://jurispage.com/law-firm-website-design-washington-dc/,0.513
https://jurispage.com/google-ads-lawyers-atlanta/,https://jurispage.com/google-ads-lawyers-san-diego/,0.512
https://jurispage.com/google-ads-lawyers-atlanta/,https://jurispage.com/google-ads-lawyers-san-jose/,0.512
https://jurispage.com/google-ads-lawyers-boston/,https://jurispage.com/google-ads-lawyers-washington-dc/,0.512
https://jurispage.com/google-ads-lawyers-charlotte/,https://jurispage.com/google-ads-lawyers-washington-dc/,0.512
https://jurispage.com/google-ads-lawyers-las-vegas/,https://jurispage.com/google-ads-lawyers-nashville/,0.512
https://jurispage.com/google-ads-lawyers-miami/,https://jurispage.com/google-ads-lawyers-washington-dc/,0.512
https://jurispage.com/google-ads-lawyers-seattle/,https://jurispage.com/google-ads-lawyers-washington-dc/,0.512
https://jurispage.com/law-firm-marketing-austin/,https://jurispage.com/law-firm-marketing-indianapolis/,0.512
https://jurispage.com/law-firm-marketing-austin/,https://jurispage.com/law-firm-marketing-minneapolis/,0.512
https://jurispage.com/law-firm-marketing-boston/,https://jurispage.com/law-firm-marketing-chicago/,0.512
https://jurispage.com/law-firm-marketing-charlotte/,https://jurispage.com/law-firm-marketing-chicago/,0.512
https://jurispage.com/law-firm-marketing-charlotte/,https://jurispage.com/law-firm-marketing-dallas/,0.512
https://jurispage.com/law-firm-marketing-chicago/,https://jurispage.com/law-firm-marketing-denver/,0.512
https://jurispage.com/law-firm-marketing-chicago/,https://jurispage.com/law-firm-marketing-miami/,0.512
https://jurispage.com/law-firm-marketing-chicago/,https://jurispage.com/law-firm-marketing-nashville/,0.512
https://jurispage.com/law-firm-marketing-chicago/,https://jurispage.com/law-firm-marketing-seattle/,0.512
https://jurispage.com/law-firm-marketing-dallas/,https://jurispage.com/law-firm-marketing-miami/,0.512
https://jurispage.com/law-firm-marketing-dallas/,https://jurispage.com/law-firm-marketing-nashville/,0.512
https://jurispage.com/law-firm-marketing-dallas/,https://jurispage.com/law-firm-marketing-seattle/,0.512
https://jurispage.com/law-firm-marketing-houston/,https://jurispage.com/law-firm-marketing-indianapolis/,0.512
https://jurispage.com/law-firm-marketing-houston/,https://jurispage.com/law-firm-marketing-minneapolis/,0.512
https://jurispage.com/law-firm-marketing-miami/,https://jurispage.com/law-firm-marketing-phoenix/,0.512
https://jurispage.com/law-firm-marketing-nashville/,https://jurispage.com/law-firm-marketing-phoenix/,0.512
https://jurispage.com/law-firm-marketing-philadelphia/,https://jurispage.com/law-firm-marketing-portland/,0.512
https://jurispage.com/law-firm-seo-las-vegas/,https://jurispage.com/law-firm-seo-san-diego/,0.512
https://jurispage.com/law-firm-seo-las-vegas/,https://jurispage.com/law-firm-seo-san-jose/,0.512
https://jurispage.com/law-firm-website-design-las-vegas/,https://jurispage.com/law-firm-website-design-san-diego/,0.512
https://jurispage.com/law-firm-website-design-las-vegas/,https://jurispage.com/law-firm-website-design-san-jose/,0.512
https://jurispage.com/google-ads-lawyers-atlanta/,https://jurispage.com/google-ads-lawyers-san-antonio/,0.511
https://jurispage.com/google-ads-lawyers-austin/,https://jurispage.com/google-ads-lawyers-san-antonio/,0.511
https://jurispage.com/google-ads-lawyers-boston/,https://jurispage.com/google-ads-lawyers-san-jose/,0.511
https://jurispage.com/google-ads-lawyers-charlotte/,https://jurispage.com/google-ads-lawyers-san-diego/,0.511
https://jurispage.com/google-ads-lawyers-charlotte/,https://jurispage.com/google-ads-lawyers-san-jose/,0.511
https://jurispage.com/google-ads-lawyers-houston/,https://jurispage.com/google-ads-lawyers-san-antonio/,0.511
https://jurispage.com/google-ads-lawyers-las-vegas/,https://jurispage.com/google-ads-lawyers-tampa/,0.511
https://jurispage.com/google-ads-lawyers-miami/,https://jurispage.com/google-ads-lawyers-san-diego/,0.511
https://jurispage.com/google-ads-lawyers-miami/,https://jurispage.com/google-ads-lawyers-san-jose/,0.511
https://jurispage.com/google-ads-lawyers-portland/,https://jurispage.com/google-ads-lawyers-san-antonio/,0.511
https://jurispage.com/google-ads-lawyers-san-diego/,https://jurispage.com/google-ads-lawyers-seattle/,0.511
https://jurispage.com/law-firm-marketing-charlotte/,https://jurispage.com/law-firm-marketing-philadelphia/,0.511
https://jurispage.com/law-firm-marketing-chicago/,https://jurispage.com/law-firm-marketing-tampa/,0.511
https://jurispage.com/law-firm-marketing-denver/,https://jurispage.com/law-firm-marketing-philadelphia/,0.511
https://jurispage.com/law-firm-marketing-miami/,https://jurispage.com/law-firm-marketing-philadelphia/,0.511
https://jurispage.com/law-firm-marketing-nashville/,https://jurispage.com/law-firm-marketing-philadelphia/,0.511
https://jurispage.com/law-firm-marketing-philadelphia/,https://jurispage.com/law-firm-marketing-seattle/,0.511
https://jurispage.com/law-firm-seo-san-antonio/,https://jurispage.com/law-firm-seo-washington-dc/,0.511
https://jurispage.com/law-firm-website-design-san-antonio/,https://jurispage.com/law-firm-website-design-washington-dc/,0.511
https://jurispage.com/google-ads-lawyers-austin/,https://jurispage.com/google-ads-lawyers-washington-dc/,0.51
https://jurispage.com/google-ads-lawyers-charlotte/,https://jurispage.com/google-ads-lawyers-san-antonio/,0.51
https://jurispage.com/google-ads-lawyers-denver/,https://jurispage.com/google-ads-lawyers-san-antonio/,0.51
https://jurispage.com/google-ads-lawyers-houston/,https://jurispage.com/google-ads-lawyers-washington-dc/,0.51
https://jurispage.com/google-ads-lawyers-indianapolis/,https://jurispage.com/google-ads-lawyers-washington-dc/,0.51
https://jurispage.com/google-ads-lawyers-miami/,https://jurispage.com/google-ads-lawyers-san-antonio/,0.51
https://jurispage.com/google-ads-lawyers-minneapolis/,https://jurispage.com/google-ads-lawyers-washington-dc/,0.51
https://jurispage.com/google-ads-lawyers-nashville/,https://jurispage.com/google-ads-lawyers-san-antonio/,0.51
https://jurispage.com/google-ads-lawyers-phoenix/,https://jurispage.com/google-ads-lawyers-san-diego/,0.51
https://jurispage.com/law-firm-marketing-austin/,https://jurispage.com/law-firm-marketing-chicago/,0.51
https://jurispage.com/law-firm-marketing-austin/,https://jurispage.com/law-firm-marketing-phoenix/,0.51
https://jurispage.com/law-firm-marketing-chicago/,https://jurispage.com/law-firm-marketing-houston/,0.51
https://jurispage.com/law-firm-marketing-chicago/,https://jurispage.com/law-firm-marketing-indianapolis/,0.51
https://jurispage.com/law-firm-marketing-chicago/,https://jurispage.com/law-firm-marketing-minneapolis/,0.51
https://jurispage.com/law-firm-marketing-dallas/,https://jurispage.com/law-firm-marketing-indianapolis/,0.51
https://jurispage.com/law-firm-marketing-dallas/,https://jurispage.com/law-firm-marketing-minneapolis/,0.51
https://jurispage.com/law-firm-marketing-houston/,https://jurispage.com/law-firm-marketing-phoenix/,0.51
https://jurispage.com/law-firm-marketing-minneapolis/,https://jurispage.com/law-firm-marketing-phoenix/,0.51
https://jurispage.com/law-firm-marketing-philadelphia/,https://jurispage.com/law-firm-marketing-tampa/,0.51
https://jurispage.com/law-firm-website-design-san-francisco/,https://jurispage.com/law-firm-website-design-washington-dc/,0.51
https://jurispage.com/google-ads-lawyers-atlanta/,https://jurispage.com/google-ads-lawyers-new-york/,0.509
https://jurispage.com/google-ads-lawyers-austin/,https://jurispage.com/google-ads-lawyers-san-diego/,0.509
https://jurispage.com/google-ads-lawyers-austin/,https://jurispage.com/google-ads-lawyers-san-jose/,0.509
https://jurispage.com/google-ads-lawyers-boston/,https://jurispage.com/google-ads-lawyers-las-vegas/,0.509
https://jurispage.com/google-ads-lawyers-charlotte/,https://jurispage.com/google-ads-lawyers-las-vegas/,0.509
https://jurispage.com/google-ads-lawyers-dallas/,https://jurispage.com/google-ads-lawyers-san-antonio/,0.509
https://jurispage.com/google-ads-lawyers-houston/,https://jurispage.com/google-ads-lawyers-san-diego/,0.509
https://jurispage.com/google-ads-lawyers-houston/,https://jurispage.com/google-ads-lawyers-san-jose/,0.509
https://jurispage.com/google-ads-lawyers-indianapolis/,https://jurispage.com/google-ads-lawyers-san-diego/,0.509
https://jurispage.com/google-ads-lawyers-indianapolis/,https://jurispage.com/google-ads-lawyers-san-jose/,0.509
https://jurispage.com/google-ads-lawyers-las-vegas/,https://jurispage.com/google-ads-lawyers-miami/,0.509
https://jurispage.com/google-ads-lawyers-las-vegas/,https://jurispage.com/google-ads-lawyers-seattle/,0.509
https://jurispage.com/google-ads-lawyers-minneapolis/,https://jurispage.com/google-ads-lawyers-san-diego/,0.509
https://jurispage.com/google-ads-lawyers-minneapolis/,https://jurispage.com/google-ads-lawyers-san-jose/,0.509
https://jurispage.com/google-ads-lawyers-phoenix/,https://jurispage.com/google-ads-lawyers-san-antonio/,0.509
https://jurispage.com/law-firm-marketing-austin/,https://jurispage.com/law-firm-marketing-philadelphia/,0.509
https://jurispage.com/law-firm-marketing-denver/,https://jurispage.com/law-firm-marketing-las-vegas/,0.509
https://jurispage.com/law-firm-marketing-houston/,https://jurispage.com/law-firm-marketing-philadelphia/,0.509
https://jurispage.com/law-firm-marketing-indianapolis/,https://jurispage.com/law-firm-marketing-philadelphia/,0.509
https://jurispage.com/law-firm-marketing-minneapolis/,https://jurispage.com/law-firm-marketing-philadelphia/,0.509
https://jurispage.com/law-firm-seo-las-vegas/,https://jurispage.com/law-firm-seo-san-antonio/,0.509
https://jurispage.com/law-firm-seo-san-francisco/,https://jurispage.com/law-firm-seo-washington-dc/,0.509
https://jurispage.com/law-firm-website-design-las-vegas/,https://jurispage.com/law-firm-website-design-san-antonio/,0.509
https://jurispage.com/google-ads-lawyers-chicago/,https://jurispage.com/google-ads-lawyers-washington-dc/,0.508
https://jurispage.com/google-ads-lawyers-dallas/,https://jurispage.com/google-ads-lawyers-washington-dc/,0.508
https://jurispage.com/google-ads-lawyers-denver/,https://jurispage.com/google-ads-lawyers-new-york/,0.508
https://jurispage.com/google-ads-lawyers-denver/,https://jurispage.com/google-ads-lawyers-san-francisco/,0.508
https://jurispage.com/google-ads-lawyers-indianapolis/,https://jurispage.com/google-ads-lawyers-san-antonio/,0.508
https://jurispage.com/google-ads-lawyers-nashville/,https://jurispage.com/google-ads-lawyers-san-francisco/,0.508
https://jurispage.com/google-ads-lawyers-phoenix/,https://jurispage.com/google-ads-lawyers-washington-dc/,0.508
https://jurispage.com/google-ads-lawyers-san-francisco/,https://jurispage.com/google-ads-lawyers-seattle/,0.508
https://jurispage.com/law-firm-marketing-chicago/,https://jurispage.com/law-firm-marketing-dallas/,0.508
https://jurispage.com/law-firm-marketing-chicago/,https://jurispage.com/law-firm-marketing-phoenix/,0.508
https://jurispage.com/google-ads-lawyers-austin/,https://jurispage.com/google-ads-lawyers-las-vegas/,0.507
https://jurispage.com/google-ads-lawyers-chicago/,https://jurispage.com/google-ads-lawyers-san-diego/,0.507
https://jurispage.com/google-ads-lawyers-chicago/,https://jurispage.com/google-ads-lawyers-san-jose/,0.507
https://jurispage.com/google-ads-lawyers-dallas/,https://jurispage.com/google-ads-lawyers-san-jose/,0.507
https://jurispage.com/google-ads-lawyers-houston/,https://jurispage.com/google-ads-lawyers-las-vegas/,0.507
https://jurispage.com/google-ads-lawyers-indianapolis/,https://jurispage.com/google-ads-lawyers-las-vegas/,0.507
https://jurispage.com/google-ads-lawyers-las-vegas/,https://jurispage.com/google-ads-lawyers-minneapolis/,0.507
https://jurispage.com/google-ads-lawyers-philadelphia/,https://jurispage.com/google-ads-lawyers-washington-dc/,0.507
https://jurispage.com/google-ads-lawyers-phoenix/,https://jurispage.com/google-ads-lawyers-san-jose/,0.507
https://jurispage.com/google-ads-lawyers-san-francisco/,https://jurispage.com/google-ads-lawyers-tampa/,0.507
https://jurispage.com/law-firm-marketing-chicago/,https://jurispage.com/law-firm-marketing-philadelphia/,0.507
https://jurispage.com/law-firm-marketing-dallas/,https://jurispage.com/law-firm-marketing-philadelphia/,0.507
https://jurispage.com/law-firm-marketing-philadelphia/,https://jurispage.com/law-firm-marketing-phoenix/,0.507
https://jurispage.com/law-firm-seo-las-vegas/,https://jurispage.com/law-firm-seo-new-york/,0.507
https://jurispage.com/law-firm-seo-las-vegas/,https://jurispage.com/law-firm-seo-san-francisco/,0.507
https://jurispage.com/law-firm-seo-los-angeles/,https://jurispage.com/law-firm-seo-san-diego/,0.507
https://jurispage.com/law-firm-seo-los-angeles/,https://jurispage.com/law-firm-seo-san-jose/,0.507
https://jurispage.com/law-firm-seo-new-york/,https://jurispage.com/law-firm-seo-washington-dc/,0.507
https://jurispage.com/law-firm-website-design-las-vegas/,https://jurispage.com/law-firm-website-design-new-york/,0.507
https://jurispage.com/law-firm-website-design-las-vegas/,https://jurispage.com/law-firm-website-design-san-francisco/,0.507
https://jurispage.com/law-firm-website-design-los-angeles/,https://jurispage.com/law-firm-website-design-san-diego/,0.507
https://jurispage.com/law-firm-website-design-los-angeles/,https://jurispage.com/law-firm-website-design-san-jose/,0.507
https://jurispage.com/law-firm-website-design-new-york/,https://jurispage.com/law-firm-website-design-washington-dc/,0.507
https://jurispage.com/google-ads-lawyers-atlanta/,https://jurispage.com/google-ads-lawyers-san-francisco/,0.506
https://jurispage.com/google-ads-lawyers-chicago/,https://jurispage.com/google-ads-lawyers-san-antonio/,0.506
https://jurispage.com/google-ads-lawyers-new-york/,https://jurispage.com/google-ads-lawyers-portland/,0.506
https://jurispage.com/google-ads-lawyers-philadelphia/,https://jurispage.com/google-ads-lawyers-san-diego/,0.506
https://jurispage.com/google-ads-lawyers-philadelphia/,https://jurispage.com/google-ads-lawyers-san-jose/,0.506
https://jurispage.com/law-firm-marketing-boston/,https://jurispage.com/law-firm-marketing-san-diego/,0.506
https://jurispage.com/law-firm-marketing-denver/,https://jurispage.com/law-firm-marketing-san-diego/,0.506
https://jurispage.com/law-firm-marketing-denver/,https://jurispage.com/law-firm-marketing-san-jose/,0.506
https://jurispage.com/law-firm-marketing-portland/,https://jurispage.com/law-firm-marketing-san-jose/,0.506
https://jurispage.com/law-firm-seo-new-york/,https://jurispage.com/law-firm-seo-san-diego/,0.506
https://jurispage.com/law-firm-seo-new-york/,https://jurispage.com/law-firm-seo-san-jose/,0.506
https://jurispage.com/law-firm-website-design-new-york/,https://jurispage.com/law-firm-website-design-san-diego/,0.506
https://jurispage.com/law-firm-website-design-new-york/,https://jurispage.com/law-firm-website-design-san-jose/,0.506
https://jurispage.com/google-ads-lawyers-atlanta/,https://jurispage.com/google-ads-lawyers-los-angeles/,0.505
https://jurispage.com/google-ads-lawyers-boston/,https://jurispage.com/google-ads-lawyers-new-york/,0.505
https://jurispage.com/google-ads-lawyers-boston/,https://jurispage.com/google-ads-lawyers-san-francisco/,0.505
https://jurispage.com/google-ads-lawyers-charlotte/,https://jurispage.com/google-ads-lawyers-new-york/,0.505
https://jurispage.com/google-ads-lawyers-charlotte/,https://jurispage.com/google-ads-lawyers-san-francisco/,0.505
https://jurispage.com/google-ads-lawyers-chicago/,https://jurispage.com/google-ads-lawyers-las-vegas/,0.505
https://jurispage.com/google-ads-lawyers-dallas/,https://jurispage.com/google-ads-lawyers-las-vegas/,0.505
https://jurispage.com/google-ads-lawyers-las-vegas/,https://jurispage.com/google-ads-lawyers-philadelphia/,0.505
https://jurispage.com/google-ads-lawyers-las-vegas/,https://jurispage.com/google-ads-lawyers-phoenix/,0.505
https://jurispage.com/google-ads-lawyers-los-angeles/,https://jurispage.com/google-ads-lawyers-portland/,0.505
https://jurispage.com/google-ads-lawyers-miami/,https://jurispage.com/google-ads-lawyers-new-york/,0.505
https://jurispage.com/google-ads-lawyers-miami/,https://jurispage.com/google-ads-lawyers-san-francisco/,0.505
https://jurispage.com/google-ads-lawyers-nashville/,https://jurispage.com/google-ads-lawyers-new-york/,0.505
https://jurispage.com/google-ads-lawyers-new-york/,https://jurispage.com/google-ads-lawyers-seattle/,0.505
https://jurispage.com/google-ads-lawyers-new-york/,https://jurispage.com/google-ads-lawyers-tampa/,0.505
https://jurispage.com/google-ads-lawyers-philadelphia/,https://jurispage.com/google-ads-lawyers-san-antonio/,0.505
https://jurispage.com/law-firm-marketing-portland/,https://jurispage.com/law-firm-marketing-washington-dc/,0.505
https://jurispage.com/law-firm-marketing-san-jose/,https://jurispage.com/law-firm-marketing-tampa/,0.505
https://jurispage.com/law-firm-seo-los-angeles/,https://jurispage.com/law-firm-seo-washington-dc/,0.505
https://jurispage.com/law-firm-seo-new-york/,https://jurispage.com/law-firm-seo-san-antonio/,0.505
https://jurispage.com/law-firm-website-design-los-angeles/,https://jurispage.com/law-firm-website-design-washington-dc/,0.505
https://jurispage.com/law-firm-website-design-new-york/,https://jurispage.com/law-firm-website-design-san-antonio/,0.505
https://jurispage.com/google-ads-lawyers-austin/,https://jurispage.com/google-ads-lawyers-new-york/,0.504
https://jurispage.com/google-ads-lawyers-austin/,https://jurispage.com/google-ads-lawyers-san-francisco/,0.504
https://jurispage.com/google-ads-lawyers-boston/,https://jurispage.com/google-ads-lawyers-los-angeles/,0.504
https://jurispage.com/google-ads-lawyers-charlotte/,https://jurispage.com/google-ads-lawyers-los-angeles/,0.504
https://jurispage.com/google-ads-lawyers-denver/,https://jurispage.com/google-ads-lawyers-los-angeles/,0.504
https://jurispage.com/google-ads-lawyers-houston/,https://jurispage.com/google-ads-lawyers-new-york/,0.504
https://jurispage.com/google-ads-lawyers-houston/,https://jurispage.com/google-ads-lawyers-san-francisco/,0.504
https://jurispage.com/google-ads-lawyers-indianapolis/,https://jurispage.com/google-ads-lawyers-new-york/,0.504
https://jurispage.com/google-ads-lawyers-indianapolis/,https://jurispage.com/google-ads-lawyers-san-francisco/,0.504
https://jurispage.com/google-ads-lawyers-los-angeles/,https://jurispage.com/google-ads-lawyers-miami/,0.504
https://jurispage.com/google-ads-lawyers-los-angeles/,https://jurispage.com/google-ads-lawyers-nashville/,0.504
https://jurispage.com/google-ads-lawyers-los-angeles/,https://jurispage.com/google-ads-lawyers-seattle/,0.504
https://jurispage.com/google-ads-lawyers-minneapolis/,https://jurispage.com/google-ads-lawyers-new-york/,0.504
https://jurispage.com/google-ads-lawyers-minneapolis/,https://jurispage.com/google-ads-lawyers-san-francisco/,0.504
https://jurispage.com/law-firm-marketing-denver/,https://jurispage.com/law-firm-marketing-washington-dc/,0.504
https://jurispage.com/law-firm-marketing-las-vegas/,https://jurispage.com/law-firm-marketing-miami/,0.504
https://jurispage.com/law-firm-marketing-nashville/,https://jurispage.com/law-firm-marketing-washington-dc/,0.504
https://jurispage.com/law-firm-marketing-portland/,https://jurispage.com/law-firm-marketing-san-diego/,0.504
https://jurispage.com/law-firm-marketing-portland/,https://jurispage.com/law-firm-marketing-san-francisco/,0.504
https://jurispage.com/law-firm-marketing-san-antonio/,https://jurispage.com/law-firm-marketing-tampa/,0.504
https://jurispage.com/google-ads-lawyers-los-angeles/,https://jurispage.com/google-ads-lawyers-tampa/,0.503
https://jurispage.com/law-firm-marketing-minneapolis/,https://jurispage.com/law-firm-marketing-san-antonio/,0.503
https://jurispage.com/law-firm-marketing-nashville/,https://jurispage.com/law-firm-marketing-san-diego/,0.503
https://jurispage.com/law-firm-marketing-nashville/,https://jurispage.com/law-firm-marketing-san-jose/,0.503
https://jurispage.com/law-firm-marketing-san-jose/,https://jurispage.com/law-firm-marketing-seattle/,0.503
https://jurispage.com/law-firm-marketing-tampa/,https://jurispage.com/law-firm-marketing-washington-dc/,0.503
https://jurispage.com/law-firm-seo-las-vegas/,https://jurispage.com/law-firm-seo-los-angeles/,0.503
https://jurispage.com/law-firm-seo-los-angeles/,https://jurispage.com/law-firm-seo-san-antonio/,0.503
https://jurispage.com/law-firm-website-design-las-vegas/,https://jurispage.com/law-firm-website-design-los-angeles/,0.503
https://jurispage.com/law-firm-website-design-los-angeles/,https://jurispage.com/law-firm-website-design-san-antonio/,0.503
https://jurispage.com/google-ads-lawyers-austin/,https://jurispage.com/google-ads-lawyers-los-angeles/,0.502
https://jurispage.com/google-ads-lawyers-chicago/,https://jurispage.com/google-ads-lawyers-new-york/,0.502
https://jurispage.com/google-ads-lawyers-chicago/,https://jurispage.com/google-ads-lawyers-san-francisco/,0.502
https://jurispage.com/google-ads-lawyers-dallas/,https://jurispage.com/google-ads-lawyers-new-york/,0.502
https://jurispage.com/google-ads-lawyers-dallas/,https://jurispage.com/google-ads-lawyers-san-francisco/,0.502
https://jurispage.com/google-ads-lawyers-houston/,https://jurispage.com/google-ads-lawyers-los-angeles/,0.502
https://jurispage.com/google-ads-lawyers-indianapolis/,https://jurispage.com/google-ads-lawyers-los-angeles/,0.502
https://jurispage.com/google-ads-lawyers-los-angeles/,https://jurispage.com/google-ads-lawyers-minneapolis/,0.502
https://jurispage.com/google-ads-lawyers-new-york/,https://jurispage.com/google-ads-lawyers-phoenix/,0.502
https://jurispage.com/google-ads-lawyers-phoenix/,https://jurispage.com/google-ads-lawyers-san-francisco/,0.502
https://jurispage.com/law-firm-marketing-atlanta/,https://jurispage.com/law-firm-marketing-las-vegas/,0.502
https://jurispage.com/law-firm-marketing-atlanta/,https://jurispage.com/law-firm-marketing-washington-dc/,0.502
https://jurispage.com/law-firm-marketing-boston/,https://jurispage.com/law-firm-marketing-san-antonio/,0.502
https://jurispage.com/law-firm-marketing-dallas/,https://jurispage.com/law-firm-marketing-san-diego/,0.502
https://jurispage.com/law-firm-marketing-las-vegas/,https://jurispage.com/law-firm-marketing-portland/,0.502
https://jurispage.com/law-firm-marketing-san-antonio/,https://jurispage.com/law-firm-marketing-seattle/,0.502
https://jurispage.com/law-firm-seo-los-angeles/,https://jurispage.com/law-firm-seo-new-york/,0.502
https://jurispage.com/law-firm-seo-los-angeles/,https://jurispage.com/law-firm-seo-san-francisco/,0.502
https://jurispage.com/law-firm-website-design-los-angeles/,https://jurispage.com/law-firm-website-design-new-york/,0.502
https://jurispage.com/law-firm-website-design-los-angeles/,https://jurispage.com/law-firm-website-design-san-francisco/,0.502
https://jurispage.com/google-ads-lawyers-new-york/,https://jurispage.com/google-ads-lawyers-philadelphia/,0.501
https://jurispage.com/google-ads-lawyers-philadelphia/,https://jurispage.com/google-ads-lawyers-san-francisco/,0.501
https://jurispage.com/law-firm-marketing-atlanta/,https://jurispage.com/law-firm-marketing-san-diego/,0.501
https://jurispage.com/law-firm-marketing-atlanta/,https://jurispage.com/law-firm-marketing-san-jose/,0.501
https://jurispage.com/law-firm-marketing-boston/,https://jurispage.com/law-firm-marketing-washington-dc/,0.501
https://jurispage.com/law-firm-marketing-charlotte/,https://jurispage.com/law-firm-marketing-washington-dc/,0.501
https://jurispage.com/law-firm-marketing-las-vegas/,https://jurispage.com/law-firm-marketing-nashville/,0.501
https://jurispage.com/law-firm-marketing-miami/,https://jurispage.com/law-firm-marketing-washington-dc/,0.501
https://jurispage.com/law-firm-marketing-seattle/,https://jurispage.com/law-firm-marketing-washington-dc/,0.501
https://jurispage.com/law-firm-seo-new-york/,https://jurispage.com/law-firm-seo-san-francisco/,0.501
https://jurispage.com/law-firm-website-design-new-york/,https://jurispage.com/law-firm-website-design-san-francisco/,0.501
https://jurispage.com/google-ads-lawyers-chicago/,https://jurispage.com/google-ads-lawyers-los-angeles/,0.5
https://jurispage.com/google-ads-lawyers-dallas/,https://jurispage.com/google-ads-lawyers-los-angeles/,0.5
https://jurispage.com/google-ads-lawyers-los-angeles/,https://jurispage.com/google-ads-lawyers-phoenix/,0.5
https://jurispage.com/law-firm-marketing-atlanta/,https://jurispage.com/law-firm-marketing-san-antonio/,0.5
https://jurispage.com/law-firm-marketing-austin/,https://jurispage.com/law-firm-marketing-san-antonio/,0.5
https://jurispage.com/law-firm-marketing-boston/,https://jurispage.com/law-firm-marketing-san-jose/,0.5
https://jurispage.com/law-firm-marketing-charlotte/,https://jurispage.com/law-firm-marketing-san-diego/,0.5
https://jurispage.com/law-firm-marketing-charlotte/,https://jurispage.com/law-firm-marketing-san-jose/,0.5
https://jurispage.com/law-firm-marketing-houston/,https://jurispage.com/law-firm-marketing-san-antonio/,0.5
https://jurispage.com/law-firm-marketing-las-vegas/,https://jurispage.com/law-firm-marketing-tampa/,0.5
https://jurispage.com/law-firm-marketing-miami/,https://jurispage.com/law-firm-marketing-san-diego/,0.5
https://jurispage.com/law-firm-marketing-miami/,https://jurispage.com/law-firm-marketing-san-jose/,0.5
https://jurispage.com/law-firm-marketing-portland/,https://jurispage.com/law-firm-marketing-san-antonio/,0.5
https://jurispage.com/law-firm-marketing-san-diego/,https://jurispage.com/law-firm-marketing-seattle/,0.5
https://jurispage.com/google-ads-lawyers-los-angeles/,https://jurispage.com/google-ads-lawyers-philadelphia/,0.499
https://jurispage.com/law-firm-marketing-austin/,https://jurispage.com/law-firm-marketing-washington-dc/,0.499
https://jurispage.com/law-firm-marketing-charlotte/,https://jurispage.com/law-firm-marketing-san-antonio/,0.499
https://jurispage.com/law-firm-marketing-denver/,https://jurispage.com/law-firm-marketing-san-antonio/,0.499
https://jurispage.com/law-firm-marketing-houston/,https://jurispage.com/law-firm-marketing-washington-dc/,0.499
https://jurispage.com/law-firm-marketing-indianapolis/,https://jurispage.com/law-firm-marketing-washington-dc/,0.499
https://jurispage.com/law-firm-marketing-miami/,https://jurispage.com/law-firm-marketing-san-antonio/,0.499
https://jurispage.com/law-firm-marketing-minneapolis/,https://jurispage.com/law-firm-marketing-washington-dc/,0.499
https://jurispage.com/law-firm-marketing-nashville/,https://jurispage.com/law-firm-marketing-san-antonio/,0.499
https://jurispage.com/law-firm-marketing-phoenix/,https://jurispage.com/law-firm-marketing-san-diego/,0.499
https://jurispage.com/google-ads-lawyers-san-diego/,https://jurispage.com/google-ads-lawyers-washington-dc/,0.498
https://jurispage.com/google-ads-lawyers-san-jose/,https://jurispage.com/google-ads-lawyers-washington-dc/,0.498
https://jurispage.com/law-firm-marketing-atlanta/,https://jurispage.com/law-firm-marketing-new-york/,0.498
https://jurispage.com/law-firm-marketing-austin/,https://jurispage.com/law-firm-marketing-san-diego/,0.498
https://jurispage.com/law-firm-marketing-austin/,https://jurispage.com/law-firm-marketing-san-jose/,0.498
https://jurispage.com/law-firm-marketing-boston/,https://jurispage.com/law-firm-marketing-las-vegas/,0.498
https://jurispage.com/law-firm-marketing-charlotte/,https://jurispage.com/law-firm-marketing-las-vegas/,0.498
https://jurispage.com/law-firm-marketing-dallas/,https://jurispage.com/law-firm-marketing-san-antonio/,0.498
https://jurispage.com/law-firm-marketing-houston/,https://jurispage.com/law-firm-marketing-san-diego/,0.498
https://jurispage.com/law-firm-marketing-houston/,https://jurispage.com/law-firm-marketing-san-jose/,0.498
https://jurispage.com/law-firm-marketing-indianapolis/,https://jurispage.com/law-firm-marketing-san-diego/,0.498
https://jurispage.com/law-firm-marketing-indianapolis/,https://jurispage.com/law-firm-marketing-san-jose/,0.498
https://jurispage.com/law-firm-marketing-las-vegas/,https://jurispage.com/law-firm-marketing-seattle/,0.498
https://jurispage.com/law-firm-marketing-minneapolis/,https://jurispage.com/law-firm-marketing-san-diego/,0.498
https://jurispage.com/law-firm-marketing-minneapolis/,https://jurispage.com/law-firm-marketing-san-jose/,0.498
https://jurispage.com/law-firm-marketing-phoenix/,https://jurispage.com/law-firm-marketing-san-antonio/,0.498
https://jurispage.com/law-firm-marketing-chicago/,https://jurispage.com/law-firm-marketing-washington-dc/,0.497
https://jurispage.com/law-firm-marketing-dallas/,https://jurispage.com/law-firm-marketing-washington-dc/,0.497
https://jurispage.com/law-firm-marketing-denver/,https://jurispage.com/law-firm-marketing-new-york/,0.497
https://jurispage.com/law-firm-marketing-denver/,https://jurispage.com/law-firm-marketing-san-francisco/,0.497
https://jurispage.com/law-firm-marketing-indianapolis/,https://jurispage.com/law-firm-marketing-san-antonio/,0.497
https://jurispage.com/law-firm-marketing-nashville/,https://jurispage.com/law-firm-marketing-san-francisco/,0.497
https://jurispage.com/law-firm-marketing-phoenix/,https://jurispage.com/law-firm-marketing-washington-dc/,0.497
https://jurispage.com/law-firm-marketing-san-francisco/,https://jurispage.com/law-firm-marketing-seattle/,0.497
https://jurispage.com/google-ads-lawyers-las-vegas/,https://jurispage.com/google-ads-lawyers-san-diego/,0.496
https://jurispage.com/google-ads-lawyers-las-vegas/,https://jurispage.com/google-ads-lawyers-san-jose/,0.496
https://jurispage.com/google-ads-lawyers-las-vegas/,https://jurispage.com/google-ads-lawyers-washington-dc/,0.496
https://jurispage.com/law-firm-marketing-austin/,https://jurispage.com/law-firm-marketing-las-vegas/,0.496
https://jurispage.com/law-firm-marketing-chicago/,https://jurispage.com/law-firm-marketing-san-diego/,0.496
https://jurispage.com/law-firm-marketing-chicago/,https://jurispage.com/law-firm-marketing-san-jose/,0.496
https://jurispage.com/law-firm-marketing-dallas/,https://jurispage.com/law-firm-marketing-san-jose/,0.496
https://jurispage.com/law-firm-marketing-houston/,https://jurispage.com/law-firm-marketing-las-vegas/,0.496
https://jurispage.com/law-firm-marketing-indianapolis/,https://jurispage.com/law-firm-marketing-las-vegas/,0.496
https://jurispage.com/law-firm-marketing-las-vegas/,https://jurispage.com/law-firm-marketing-minneapolis/,0.496
https://jurispage.com/law-firm-marketing-philadelphia/,https://jurispage.com/law-firm-marketing-washington-dc/,0.496
https://jurispage.com/law-firm-marketing-phoenix/,https://jurispage.com/law-firm-marketing-san-jose/,0.496
https://jurispage.com/law-firm-marketing-san-francisco/,https://jurispage.com/law-firm-marketing-tampa/,0.496
https://jurispage.com/google-ads-lawyers-san-antonio/,https://jurispage.com/google-ads-lawyers-washington-dc/,0.495
https://jurispage.com/law-firm-marketing-atlanta/,https://jurispage.com/law-firm-marketing-san-francisco/,0.495
https://jurispage.com/law-firm-marketing-boston/,https://jurispage.com/law-firm-marketing-new-york/,0.495
https://jurispage.com/law-firm-marketing-boston/,https://jurispage.com/law-firm-marketing-san-francisco/,0.495
https://jurispage.com/law-firm-marketing-charlotte/,https://jurispage.com/law-firm-marketing-new-york/,0.495
https://jurispage.com/law-firm-marketing-charlotte/,https://jurispage.com/law-firm-marketing-san-francisco/,0.495
https://jurispage.com/law-firm-marketing-chicago/,https://jurispage.com/law-firm-marketing-las-vegas/,0.495
https://jurispage.com/law-firm-marketing-chicago/,https://jurispage.com/law-firm-marketing-san-antonio/,0.495
https://jurispage.com/law-firm-marketing-dallas/,https://jurispage.com/law-firm-marketing-las-vegas/,0.495
https://jurispage.com/law-firm-marketing-las-vegas/,https://jurispage.com/law-firm-marketing-phoenix/,0.495
https://jurispage.com/law-firm-marketing-miami/,https://jurispage.com/law-firm-marketing-new-york/,0.495
https://jurispage.com/law-firm-marketing-miami/,https://jurispage.com/law-firm-marketing-san-francisco/,0.495
https://jurispage.com/law-firm-marketing-nashville/,https://jurispage.com/law-firm-marketing-new-york/,0.495
https://jurispage.com/law-firm-marketing-new-york/,https://jurispage.com/law-firm-marketing-portland/,0.495
https://jurispage.com/law-firm-marketing-new-york/,https://jurispage.com/law-firm-marketing-seattle/,0.495
https://jurispage.com/law-firm-marketing-philadelphia/,https://jurispage.com/law-firm-marketing-san-antonio/,0.495
https://jurispage.com/law-firm-marketing-philadelphia/,https://jurispage.com/law-firm-marketing-san-diego/,0.495
https://jurispage.com/law-firm-marketing-philadelphia/,https://jurispage.com/law-firm-marketing-san-jose/,0.495
https://jurispage.com/law-firm-marketing-atlanta/,https://jurispage.com/law-firm-marketing-los-angeles/,0.494
https://jurispage.com/law-firm-marketing-las-vegas/,https://jurispage.com/law-firm-marketing-philadelphia/,0.494
https://jurispage.com/law-firm-marketing-los-angeles/,https://jurispage.com/law-firm-marketing-portland/,0.494
https://jurispage.com/law-firm-marketing-new-york/,https://jurispage.com/law-firm-marketing-tampa/,0.494
https://jurispage.com/google-ads-lawyers-san-francisco/,https://jurispage.com/google-ads-lawyers-washington-dc/,0.493
https://jurispage.com/law-firm-marketing-austin/,https://jurispage.com/law-firm-marketing-new-york/,0.493
https://jurispage.com/law-firm-marketing-austin/,https://jurispage.com/law-firm-marketing-san-francisco/,0.493
https://jurispage.com/law-firm-marketing-boston/,https://jurispage.com/law-firm-marketing-los-angeles/,0.493
https://jurispage.com/law-firm-marketing-charlotte/,https://jurispage.com/law-firm-marketing-los-angeles/,0.493
https://jurispage.com/law-firm-marketing-denver/,https://jurispage.com/law-firm-marketing-los-angeles/,0.493
https://jurispage.com/law-firm-marketing-houston/,https://jurispage.com/law-firm-marketing-new-york/,0.493
https://jurispage.com/law-firm-marketing-houston/,https://jurispage.com/law-firm-marketing-san-francisco/,0.493
https://jurispage.com/law-firm-marketing-indianapolis/,https://jurispage.com/law-firm-marketing-new-york/,0.493
https://jurispage.com/law-firm-marketing-indianapolis/,https://jurispage.com/law-firm-marketing-san-francisco/,0.493
https://jurispage.com/law-firm-marketing-los-angeles/,https://jurispage.com/law-firm-marketing-miami/,0.493
https://jurispage.com/law-firm-marketing-los-angeles/,https://jurispage.com/law-firm-marketing-nashville/,0.493
https://jurispage.com/law-firm-marketing-los-angeles/,https://jurispage.com/law-firm-marketing-seattle/,0.493
https://jurispage.com/law-firm-marketing-minneapolis/,https://jurispage.com/law-firm-marketing-new-york/,0.493
https://jurispage.com/law-firm-marketing-minneapolis/,https://jurispage.com/law-firm-marketing-san-francisco/,0.493
https://jurispage.com/google-ads-lawyers-las-vegas/,https://jurispage.com/google-ads-lawyers-san-antonio/,0.492
https://jurispage.com/law-firm-marketing-los-angeles/,https://jurispage.com/law-firm-marketing-tampa/,0.492
https://jurispage.com/law-firm-marketing-austin/,https://jurispage.com/law-firm-marketing-los-angeles/,0.491
https://jurispage.com/law-firm-marketing-chicago/,https://jurispage.com/law-firm-marketing-new-york/,0.491
https://jurispage.com/law-firm-marketing-chicago/,https://jurispage.com/law-firm-marketing-san-francisco/,0.491
https://jurispage.com/law-firm-marketing-dallas/,https://jurispage.com/law-firm-marketing-new-york/,0.491
https://jurispage.com/law-firm-marketing-dallas/,https://jurispage.com/law-firm-marketing-san-francisco/,0.491
https://jurispage.com/law-firm-marketing-houston/,https://jurispage.com/law-firm-marketing-los-angeles/,0.491
https://jurispage.com/law-firm-marketing-indianapolis/,https://jurispage.com/law-firm-marketing-los-angeles/,0.491
https://jurispage.com/law-firm-marketing-los-angeles/,https://jurispage.com/law-firm-marketing-minneapolis/,0.491
https://jurispage.com/law-firm-marketing-new-york/,https://jurispage.com/law-firm-marketing-phoenix/,0.491
https://jurispage.com/law-firm-marketing-phoenix/,https://jurispage.com/law-firm-marketing-san-francisco/,0.491
https://jurispage.com/google-ads-lawyers-las-vegas/,https://jurispage.com/google-ads-lawyers-new-york/,0.49
https://jurispage.com/google-ads-lawyers-las-vegas/,https://jurispage.com/google-ads-lawyers-san-francisco/,0.49
https://jurispage.com/google-ads-lawyers-los-angeles/,https://jurispage.com/google-ads-lawyers-san-diego/,0.49
https://jurispage.com/google-ads-lawyers-los-angeles/,https://jurispage.com/google-ads-lawyers-san-jose/,0.49
https://jurispage.com/google-ads-lawyers-new-york/,https://jurispage.com/google-ads-lawyers-washington-dc/,0.49
https://jurispage.com/law-firm-marketing-new-york/,https://jurispage.com/law-firm-marketing-philadelphia/,0.49
https://jurispage.com/law-firm-marketing-philadelphia/,https://jurispage.com/law-firm-marketing-san-francisco/,0.49
https://jurispage.com/google-ads-lawyers-new-york/,https://jurispage.com/google-ads-lawyers-san-diego/,0.489
https://jurispage.com/google-ads-lawyers-new-york/,https://jurispage.com/google-ads-lawyers-san-jose/,0.489
https://jurispage.com/law-firm-marketing-chicago/,https://jurispage.com/law-firm-marketing-los-angeles/,0.489
https://jurispage.com/law-firm-marketing-dallas/,https://jurispage.com/law-firm-marketing-los-angeles/,0.489
https://jurispage.com/law-firm-marketing-los-angeles/,https://jurispage.com/law-firm-marketing-phoenix/,0.489
https://jurispage.com/google-ads-lawyers-los-angeles/,https://jurispage.com/google-ads-lawyers-washington-dc/,0.488
https://jurispage.com/google-ads-lawyers-new-york/,https://jurispage.com/google-ads-lawyers-san-antonio/,0.488
https://jurispage.com/law-firm-marketing-los-angeles/,https://jurispage.com/law-firm-marketing-philadelphia/,0.488
https://jurispage.com/law-firm-marketing-san-diego/,https://jurispage.com/law-firm-marketing-washington-dc/,0.488
https://jurispage.com/law-firm-marketing-san-jose/,https://jurispage.com/law-firm-marketing-washington-dc/,0.488
https://jurispage.com/google-ads-lawyers-los-angeles/,https://jurispage.com/google-ads-lawyers-san-antonio/,0.487
https://jurispage.com/law-firm-marketing-las-vegas/,https://jurispage.com/law-firm-marketing-washington-dc/,0.487
https://jurispage.com/google-ads-lawyers-las-vegas/,https://jurispage.com/google-ads-lawyers-los-angeles/,0.486
https://jurispage.com/law-firm-marketing-las-vegas/,https://jurispage.com/law-firm-marketing-san-diego/,0.486
https://jurispage.com/law-firm-marketing-las-vegas/,https://jurispage.com/law-firm-marketing-san-jose/,0.486
https://jurispage.com/google-ads-lawyers-los-angeles/,https://jurispage.com/google-ads-lawyers-new-york/,0.485
https://jurispage.com/google-ads-lawyers-los-angeles/,https://jurispage.com/google-ads-lawyers-san-francisco/,0.485
https://jurispage.com/law-firm-marketing-san-antonio/,https://jurispage.com/law-firm-marketing-washington-dc/,0.485
https://jurispage.com/google-ads-lawyers-new-york/,https://jurispage.com/google-ads-lawyers-san-francisco/,0.484
https://jurispage.com/law-firm-marketing-san-francisco/,https://jurispage.com/law-firm-marketing-washington-dc/,0.483
https://jurispage.com/law-firm-marketing-las-vegas/,https://jurispage.com/law-firm-marketing-san-antonio/,0.482
https://jurispage.com/law-firm-marketing-las-vegas/,https://jurispage.com/law-firm-marketing-new-york/,0.481
https://jurispage.com/law-firm-marketing-las-vegas/,https://jurispage.com/law-firm-marketing-san-francisco/,0.481
https://jurispage.com/law-firm-marketing-los-angeles/,https://jurispage.com/law-firm-marketing-san-diego/,0.481
https://jurispage.com/law-firm-marketing-los-angeles/,https://jurispage.com/law-firm-marketing-san-jose/,0.481
https://jurispage.com/law-firm-marketing-new-york/,https://jurispage.com/law-firm-marketing-washington-dc/,0.48