url,reason,ahrefs_status,historical_links,historical_lost_links
http://jurispage.com/wp-signup.php,"Asset, legacy CMS endpoint or non-content URL; no verified like-for-like replacement",,2884,2884
https://jurispage.com/wp-signup.php,"Asset, legacy CMS endpoint or non-content URL; no verified like-for-like replacement",,2765,2765
https://jurispage.com/wp-content/uploads/sites/337/2013/08/dashboard.jpg,"Asset, legacy CMS endpoint or non-content URL; no verified like-for-like replacement",,293,286
http://jurispage.com/wp-signup.php?new=www.footmanlaw.com,"Asset, legacy CMS endpoint or non-content URL; no verified like-for-like replacement",,2749,2749
https://jurispage.com/wp-content/uploads/sites/337/2013/11/free-law-firm-software-1024x819.jpg,"Asset, legacy CMS endpoint or non-content URL; no verified like-for-like replacement",,127,127
https://jurispage.com/wp-content/uploads/sites/337/2015/07/dashboard-1.png,"Asset, legacy CMS endpoint or non-content URL; no verified like-for-like replacement",,260,256
http://jurispage.com/wp-content/uploads/sites/337/2017/04/Depositphotos_147268727_l-2015.jpg,"Asset, legacy CMS endpoint or non-content URL; no verified like-for-like replacement",,356,356
https://jurispage.com/wp-content/uploads/sites/337/2013/03/Bad-Site.jpg,"Asset, legacy CMS endpoint or non-content URL; no verified like-for-like replacement",,50,50
https://jurispage.com/wp-content/uploads/sites/337/2014/05/bill4time-dashboard-1.jpg,"Asset, legacy CMS endpoint or non-content URL; no verified like-for-like replacement",,339,339
https://jurispage.com/wp-content/uploads/sites/337/2014/05/ebillity-dashboard.jpg,"Asset, legacy CMS endpoint or non-content URL; no verified like-for-like replacement",,333,333
https://jurispage.com/wp-content/uploads/sites/337/2013/10/freshbook-main-page.jpg,"Asset, legacy CMS endpoint or non-content URL; no verified like-for-like replacement",,194,194
https://jurispage.com/wp-content/uploads/sites/337/2015/07/dashboard-1-1024x683.png,"Asset, legacy CMS endpoint or non-content URL; no verified like-for-like replacement",,46,46
https://jurispage.com/wp-content/uploads/sites/337/2013/05/Dashboard.png,"Asset, legacy CMS endpoint or non-content URL; no verified like-for-like replacement",,104,104
https://jurispage.com/wp-content/uploads/sites/337/2014/05/Timekeeping-and-Billing-Software-for-Law-Firms.jpg,"Asset, legacy CMS endpoint or non-content URL; no verified like-for-like replacement",,323,323
https://jurispage.com/wp-content/uploads/sites/337/2015/12/home-dashboard-2.jpg,"Asset, legacy CMS endpoint or non-content URL; no verified like-for-like replacement",,111,111
https://jurispage.com/wp-content/uploads/sites/337/2015/11/Lawyer-Merry-Christmas.jpg,"Asset, legacy CMS endpoint or non-content URL; no verified like-for-like replacement",,75,75
https://jurispage.com/wp-content/uploads/sites/337/2018/03/enright-homepage-award.jpg,"Asset, legacy CMS endpoint or non-content URL; no verified like-for-like replacement",,41,41
https://jurispage.com/wp-content/uploads/sites/337/2018/04/marketing-plan-1.png,"Asset, legacy CMS endpoint or non-content URL; no verified like-for-like replacement",,39,39
https://jurispage.com/wp-content/uploads/sites/337/2013/08/JurisPage.jpg,"Asset, legacy CMS endpoint or non-content URL; no verified like-for-like replacement",,52,52
https://jurispage.com/wp-content/uploads/sites/337/2013/03/Internet-Marketing-1024x641.jpg,"Asset, legacy CMS endpoint or non-content URL; no verified like-for-like replacement",,104,104
https://jurispage.com/wp-content/uploads/sites/337/2014/05/Timeslips-dashboard.jpg,"Asset, legacy CMS endpoint or non-content URL; no verified like-for-like replacement",,891,891
https://jurispage.com/wp-content/uploads/sites/337/2013/05/Dashboard-1024x568.png,"Asset, legacy CMS endpoint or non-content URL; no verified like-for-like replacement",,39,39
https://devlawold.jurispage.com/,Client subdomain; preserve separate site and ownership,,32,32
https://jurispage.com/wp-content/uploads/sites/337/2013/03/scales_full-300x300.jpeg,"Asset, legacy CMS endpoint or non-content URL; no verified like-for-like replacement",,53,53
https://jurispage.com/wp-content/uploads/sites/337/2017/04/Depositphotos_147268727_l-2015-1024x683.jpg,"Asset, legacy CMS endpoint or non-content URL; no verified like-for-like replacement",,31,30
https://mcgivneyklugercook5.jurispage.com/,Client subdomain; preserve separate site and ownership,,25,25
https://mcgivneyklugercook5.jurispage.com/?disabled_message=y,Client subdomain; preserve separate site and ownership,,25,25
https://jurispage.com/wp-content/uploads/sites/337/2013/08/amicus-dashboard.jpg,"Asset, legacy CMS endpoint or non-content URL; no verified like-for-like replacement",,32,32
https://jurispage.com/wp-content/uploads/sites/337/2017/01/law-firm-marketing-failing-1024x732.jpg,"Asset, legacy CMS endpoint or non-content URL; no verified like-for-like replacement",,21,21
https://jurispage.com/wp-content/uploads/sites/337/2013/04/featured-image6-1024x547.jpg,"Asset, legacy CMS endpoint or non-content URL; no verified like-for-like replacement",,22,22
https://jurispage.com/wp-content/uploads/sites/337/2013/11/free-law-firm-software.jpg,"Asset, legacy CMS endpoint or non-content URL; no verified like-for-like replacement",,20,20
https://jurispage.com/wp-content/uploads/sites/337/2014/09/Clio-Lawyer-Case-Management-Software-Dashboard.png,"Asset, legacy CMS endpoint or non-content URL; no verified like-for-like replacement",,19,19
https://jurispage.com/wp-content/uploads/sites/337/2013/08/JurisPage-1024x543.jpg,"Asset, legacy CMS endpoint or non-content URL; no verified like-for-like replacement",,18,18
https://jurispage.com/wp-content/uploads/sites/337/2016/05/salesforce-chatter.png,"Asset, legacy CMS endpoint or non-content URL; no verified like-for-like replacement",,19,19
https://lawlauncher.jurispage.com/lawlauncher-home-2017/,Client subdomain; preserve separate site and ownership,,444,444
https://lawlauncher.jurispage.com/lawlauncher-home-2017/?disabled_message=y,Client subdomain; preserve separate site and ownership,,444,444
https://jurispage.com/wp-content/uploads/sites/337/2013/08/featured-image1.jpg,"Asset, legacy CMS endpoint or non-content URL; no verified like-for-like replacement",,17,17
https://jurispage.com/wp-content/uploads/sites/337/2016/02/google-adwords-changes.jpg,"Asset, legacy CMS endpoint or non-content URL; no verified like-for-like replacement",,16,16
https://jurispage.com/wp-content/uploads/sites/337/2018/08/graphics_publications19.jpg,"Asset, legacy CMS endpoint or non-content URL; no verified like-for-like replacement",,16,16
https://jurispage.com/wp-content/uploads/sites/337/2013/03/law-logo.jpg,"Asset, legacy CMS endpoint or non-content URL; no verified like-for-like replacement",,18,18
https://jurispage.com/wp-content/uploads/sites/337/2013/05/featured-image4.jpg,"Asset, legacy CMS endpoint or non-content URL; no verified like-for-like replacement",,34,34
https://jurispage.com/wp-content/uploads/sites/337/2014/05/Chrome-Download.jpg,"Asset, legacy CMS endpoint or non-content URL; no verified like-for-like replacement",,16,16
https://devlawold.jurispage.com/contact/,Client subdomain; preserve separate site and ownership,,16,16
https://jurispage.com/wp-content/uploads/sites/337/2014/02/Dropbox-for-Lawyers-and-Law-Firms.jpg,"Asset, legacy CMS endpoint or non-content URL; no verified like-for-like replacement",,13,13
https://jurispage.com/wp-content/uploads/sites/337/2014/10/ppc1.png,"Asset, legacy CMS endpoint or non-content URL; no verified like-for-like replacement",,14,14
https://lawlauncher.jurispage.com/,Client subdomain; preserve separate site and ownership,,427,427
http://jurispage.com/wp-content/uploads/2013/03/scales_full-300x300.jpeg,"Asset, legacy CMS endpoint or non-content URL; no verified like-for-like replacement",,17,17
https://jurispage.com/wp-content/uploads/sites/337/2014/03/Gnomes.jpg,"Asset, legacy CMS endpoint or non-content URL; no verified like-for-like replacement",,14,14
https://jurispage.com/wp-content/uploads/sites/337/2014/07/landing-page.jpg,"Asset, legacy CMS endpoint or non-content URL; no verified like-for-like replacement",,12,12
https://jurispage.com/wp-content/uploads/sites/337/2014/11/CT-Screenshots-Case-Page.png,"Asset, legacy CMS endpoint or non-content URL; no verified like-for-like replacement",,17,17
https://jurispage.com/wp-content/uploads/sites/337/2017/01/law-firm-marketing-failing.jpg,"Asset, legacy CMS endpoint or non-content URL; no verified like-for-like replacement",,15,15
https://jurispage.com/wp-content/uploads/sites/337/2017/02/new-york-lawyer-serp-1.png,"Asset, legacy CMS endpoint or non-content URL; no verified like-for-like replacement",,15,15
https://jurispage.com/wp-content/uploads/sites/337/2017/04/law-firm-marketing-plan-why-what-how-1024x397.png,"Asset, legacy CMS endpoint or non-content URL; no verified like-for-like replacement",,18,18
https://lawlauncher.jurispage.com/?disabled_message=y,Client subdomain; preserve separate site and ownership,,425,425
http://jurispage.com/wp-content/uploads/2013/03/Scales-Google-Search-1024x501.jpg,"Asset, legacy CMS endpoint or non-content URL; no verified like-for-like replacement",,14,14
https://jurispage.com/wp-content/uploads/sites/337/2014/09/Inbox-jurispage1-gmail.com-Gmail-3.png,"Asset, legacy CMS endpoint or non-content URL; no verified like-for-like replacement",,11,11
https://jurispage.com/wp-content/uploads/sites/337/2013/03/Scale-in-Word-1024x618.jpg,"Asset, legacy CMS endpoint or non-content URL; no verified like-for-like replacement",,10,10
http://jrogerwoodlaw.jurispage.com/wp-content/uploads/sites/142/2012/01/Fee-Schedules-Comparison.pdf,Client subdomain; preserve separate site and ownership,,14,13
http://jurispage.com/wp-content/uploads/2013/03/scales_full-300x300.jpg,"Asset, legacy CMS endpoint or non-content URL; no verified like-for-like replacement",,18,18
https://jurispage.com/wp-content/uploads/sites/337/2013/08/featured-image1-1024x536.jpg,"Asset, legacy CMS endpoint or non-content URL; no verified like-for-like replacement",,11,11
http://jurispage.com/wp-content/uploads/2013/03/Legal_scale-300x270.jpg,"Asset, legacy CMS endpoint or non-content URL; no verified like-for-like replacement",,10,10
https://jurispage.com/wp-content/uploads/sites/337/2013/03/Featured-Image-2-1024x461.jpg,"Asset, legacy CMS endpoint or non-content URL; no verified like-for-like replacement",,11,11
https://jurispage.com/wp-content/uploads/sites/337/2013/05/featured-image.jpg,"Asset, legacy CMS endpoint or non-content URL; no verified like-for-like replacement",,13,13
https://jurispage.com/wp-content/uploads/sites/337/2013/09/featured-image2.jpg,"Asset, legacy CMS endpoint or non-content URL; no verified like-for-like replacement",,82,82
https://jurispage.com/wp-content/uploads/sites/337/2014/07/Loud-Responsive-Mockup-1024x537.png,"Asset, legacy CMS endpoint or non-content URL; no verified like-for-like replacement",,84,84
https://jurispage.com/wp-content/uploads/sites/337/2014/12/Online-meeting-and-appointment-scheduling-software.png,"Asset, legacy CMS endpoint or non-content URL; no verified like-for-like replacement",,8,8
https://jurispage.com/wp-content/uploads/sites/337/2015/10/Avvo-Ratings.jpg,"Asset, legacy CMS endpoint or non-content URL; no verified like-for-like replacement",,8,7
https://jurispage.com/wp-content/uploads/sites/337/2015/11/fundbox-1024x532.png,"Asset, legacy CMS endpoint or non-content URL; no verified like-for-like replacement",,8,8
https://jurispage.com/wp-content/uploads/sites/337/2016/05/review-of-communication-tools1.jpg,"Asset, legacy CMS endpoint or non-content URL; no verified like-for-like replacement",,8,8
https://jurispage.com/wp-content/uploads/sites/337/2017/03/icon-practice-new.png,"Asset, legacy CMS endpoint or non-content URL; no verified like-for-like replacement",,9,9
https://jurispage.com/wp-content/uploads/2015/04/American-Psycho-Business-Card-Scene.jpg,"Asset, legacy CMS endpoint or non-content URL; no verified like-for-like replacement",,7,7
https://jurispage.com/wp-content/uploads/sites/337/2014/07/Attorney-Bio.jpg,"Asset, legacy CMS endpoint or non-content URL; no verified like-for-like replacement",,180,180
https://jurispage.com/wp-content/uploads/sites/337/2014/10/cover-wide-1024x872.png,"Asset, legacy CMS endpoint or non-content URL; no verified like-for-like replacement",,7,7
http://jurispage.com/wp-signup.php?new=www.fresnoworkcomp.com,"Asset, legacy CMS endpoint or non-content URL; no verified like-for-like replacement",,156,156
https://austin.jurispage.com/practice-areas/,Client subdomain; preserve separate site and ownership,200,26,7
http://jurispage.com/wp-content/uploads/2013/03/Internet-Marketing-1024x641.jpg,"Asset, legacy CMS endpoint or non-content URL; no verified like-for-like replacement",,6,6
http://jurispage.com/wp-content/uploads/2013/03/Scale-in-Word-1024x618.jpg,"Asset, legacy CMS endpoint or non-content URL; no verified like-for-like replacement",,6,6
http://jurispage.com/wp-content/uploads/2013/03/law-logo.jpg,"Asset, legacy CMS endpoint or non-content URL; no verified like-for-like replacement",,7,7
https://jurispage.com/wp-content/uploads/sites/337/2013/08/featured-image-2.png,"Asset, legacy CMS endpoint or non-content URL; no verified like-for-like replacement",,20,20
https://jurispage.com/wp-content/uploads/sites/337/2014/03/Email-Inbox-1024x695.jpg,"Asset, legacy CMS endpoint or non-content URL; no verified like-for-like replacement",,6,6
https://jurispage.com/wp-content/uploads/sites/337/2014/06/Trademark-Service-Mark-Application-Principal-Register.png,"Asset, legacy CMS endpoint or non-content URL; no verified like-for-like replacement",,6,6
https://jurispage.com/wp-content/uploads/sites/337/2014/07/landing-page-1024x812.jpg,"Asset, legacy CMS endpoint or non-content URL; no verified like-for-like replacement",,63,63
https://jurispage.com/wp-content/uploads/sites/337/2015/07/Depositphotos_19290493_original.jpg,"Asset, legacy CMS endpoint or non-content URL; no verified like-for-like replacement",,11,11
https://jurispage.com/wp-content/uploads/sites/337/2015/11/fundbox.png,"Asset, legacy CMS endpoint or non-content URL; no verified like-for-like replacement",,6,6
https://jurispage.com/wp-content/uploads/sites/337/2017/09/2017-Clio-Interfance-1024x576.png,"Asset, legacy CMS endpoint or non-content URL; no verified like-for-like replacement",,9,9
https://devlawold.jurispage.com/julius-e-acab/,Client subdomain; preserve separate site and ownership,,6,6
https://devlawold.jurispage.com/serious-willful/,Client subdomain; preserve separate site and ownership,,6,6
https://devlawold.jurispage.com/victor-c-winnek/,Client subdomain; preserve separate site and ownership,,6,6
https://lawlauncher.jurispage.com/my-account/,Client subdomain; preserve separate site and ownership,,6,6
https://jurispage.com/wp-content/uploads/sites/337/2013/10/best-law-firm-technology-2013.jpg,"Asset, legacy CMS endpoint or non-content URL; no verified like-for-like replacement",,5,5
https://jurispage.com/wp-content/uploads/sites/337/2014/01/MerusCase-Personal-Injury-Case-Workload-1024x488.jpg,"Asset, legacy CMS endpoint or non-content URL; no verified like-for-like replacement",,5,5
https://jurispage.com/wp-content/uploads/sites/337/2014/02/lawtrades-consults-1024x572.png,"Asset, legacy CMS endpoint or non-content URL; no verified like-for-like replacement",,6,6
https://jurispage.com/wp-content/uploads/sites/337/2014/02/lawtrades-home.png,"Asset, legacy CMS endpoint or non-content URL; no verified like-for-like replacement",,5,5
https://jurispage.com/wp-content/uploads/sites/337/2014/03/ppc-vs-seo.jpg,"Asset, legacy CMS endpoint or non-content URL; no verified like-for-like replacement",,5,5
https://jurispage.com/wp-content/uploads/sites/337/2014/04/Chart-Download1-1024x215.jpg,"Asset, legacy CMS endpoint or non-content URL; no verified like-for-like replacement",,5,5
https://jurispage.com/wp-content/uploads/sites/337/2014/04/Chart-Download1.jpg,"Asset, legacy CMS endpoint or non-content URL; no verified like-for-like replacement",,5,5
https://jurispage.com/wp-content/uploads/sites/337/2014/07/Keyboard.jpg,"Asset, legacy CMS endpoint or non-content URL; no verified like-for-like replacement",,5,5
https://jurispage.com/wp-content/uploads/sites/337/2014/07/Lawyer-PPC-Case-Study-Comparison.jpg,"Asset, legacy CMS endpoint or non-content URL; no verified like-for-like replacement",,6,6
https://jurispage.com/wp-content/uploads/sites/337/2015/04/Avvo-and-Super-Lawyers-Badges.jpg,"Asset, legacy CMS endpoint or non-content URL; no verified like-for-like replacement",,5,5
https://jurispage.com/wp-content/uploads/sites/337/2018/07/graphics8.jpg,"Asset, legacy CMS endpoint or non-content URL; no verified like-for-like replacement",,5,5
https://jurispage.com/wp-content/uploads/sites/337/2019/03/Depositphotos_245603566_m-2015.jpg,"Asset, legacy CMS endpoint or non-content URL; no verified like-for-like replacement",,10,10
http://bernhardi.jurispage.com/,Client subdomain; preserve separate site and ownership,,5,5
http://demo.jurispage.com/video/,Client subdomain; preserve separate site and ownership,,5,5
https://devlawold.jurispage.com/kim-b-vu/,Client subdomain; preserve separate site and ownership,,6,6
https://devlawold.jurispage.com/vivian-elias/,Client subdomain; preserve separate site and ownership,,6,6
https://jurispage.com/wp-content/uploads/2013/05/fonts.jpg,"Asset, legacy CMS endpoint or non-content URL; no verified like-for-like replacement",,4,4
https://jurispage.com/wp-content/uploads/2013/10/freshbook-main-page.jpg,"Asset, legacy CMS endpoint or non-content URL; no verified like-for-like replacement",,4,4
https://jurispage.com/wp-content/uploads/sites/337/2013/02/Evaluation.jpg,"Asset, legacy CMS endpoint or non-content URL; no verified like-for-like replacement",,5,5
https://jurispage.com/wp-content/uploads/sites/337/2013/03/Featured-Image2.jpg,"Asset, legacy CMS endpoint or non-content URL; no verified like-for-like replacement",,4,4
https://jurispage.com/wp-content/uploads/sites/337/2013/03/Legal_scale-300x270.jpg,"Asset, legacy CMS endpoint or non-content URL; no verified like-for-like replacement",,13,13
https://jurispage.com/wp-content/uploads/sites/337/2013/08/dashboard-1024x518.jpg,"Asset, legacy CMS endpoint or non-content URL; no verified like-for-like replacement",,4,4
https://jurispage.com/wp-content/uploads/sites/337/2013/09/featured-image2-1024x465.jpg,"Asset, legacy CMS endpoint or non-content URL; no verified like-for-like replacement",,4,4
https://jurispage.com/wp-content/uploads/sites/337/2013/10/esqspot-home.jpg,"Asset, legacy CMS endpoint or non-content URL; no verified like-for-like replacement",,4,4
https://jurispage.com/wp-content/uploads/sites/337/2013/10/landing-page-2-986x1024.jpg,"Asset, legacy CMS endpoint or non-content URL; no verified like-for-like replacement",,4,4
https://jurispage.com/wp-content/uploads/sites/337/2014/02/SEO-for-law-firms-tips.jpg,"Asset, legacy CMS endpoint or non-content URL; no verified like-for-like replacement",,4,4
https://jurispage.com/wp-content/uploads/sites/337/2014/03/Google-Scholar-Alerts.jpg,"Asset, legacy CMS endpoint or non-content URL; no verified like-for-like replacement",,4,4
https://jurispage.com/wp-content/uploads/sites/337/2014/08/Kahuna-Accounting-Homepage1-1024x496.png,"Asset, legacy CMS endpoint or non-content URL; no verified like-for-like replacement",,5,5
https://jurispage.com/wp-content/uploads/sites/337/2015/09/Alt-Legal-Homepage.png,"Asset, legacy CMS endpoint or non-content URL; no verified like-for-like replacement",,4,4
https://jurispage.com/wp-content/uploads/sites/337/2015/10/IMG_7823-1024x768.jpg,"Asset, legacy CMS endpoint or non-content URL; no verified like-for-like replacement",,4,4
https://jurispage.com/wp-content/uploads/sites/337/2016/01/Depositphotos_61121087_original-1024x900.jpg,"Asset, legacy CMS endpoint or non-content URL; no verified like-for-like replacement",,4,4
https://jurispage.com/wp-content/uploads/sites/337/2016/05/uptime-jurispage-weekly-edge-1024x176.jpg,"Asset, legacy CMS endpoint or non-content URL; no verified like-for-like replacement",,6,6
https://jurispage.com/wp-content/uploads/sites/337/2017/01/6-things-law-firm-website-needs-main.jpg,"Asset, legacy CMS endpoint or non-content URL; no verified like-for-like replacement",,8,8
https://jurispage.com/wp-content/uploads/sites/337/2017/03/Depositphotos_1245003_original-1024x944.jpg,"Asset, legacy CMS endpoint or non-content URL; no verified like-for-like replacement",,5,5
https://jurispage.com/wp-content/uploads/sites/337/2017/07/adwords-dashboard-300x197.png,"Asset, legacy CMS endpoint or non-content URL; no verified like-for-like replacement",,4,4
http://jurispage.com/wp-content/uploads/sites/337/2017/10/2017-Legal-Trends-Report.png,"Asset, legacy CMS endpoint or non-content URL; no verified like-for-like replacement",,9,9
https://jurispage.com/wp-content/uploads/sites/337/2019/07/Depositphotos_92593888_l-2015-Copy.jpg,"Asset, legacy CMS endpoint or non-content URL; no verified like-for-like replacement",,4,4
http://constructionlaw.jurispage.com/wp-content/uploads/sites/69/2012/05/changes.png,Client subdomain; preserve separate site and ownership,,5,4
http://firearmsindustryconsultinggroup.jurispage.com/firearms-industry-consulting-group-media-gallery/,Client subdomain; preserve separate site and ownership,,102,102
https://lawlauncher.jurispage.com/my-account/?disabled_message=y,Client subdomain; preserve separate site and ownership,,4,4
https://www.jurispage.com/wp-content/uploads/2022/07/keyword-research-for-lawyers-300x213.png.webp,"Asset, legacy CMS endpoint or non-content URL; no verified like-for-like replacement",,4,4
https://jurispage.com/wp-content/uploads/2013/08/amicus-dashboard.jpg,"Asset, legacy CMS endpoint or non-content URL; no verified like-for-like replacement",,5,5
https://jurispage.com/wp-content/uploads/2013/11/free-law-firm-software-1024x819.jpg,"Asset, legacy CMS endpoint or non-content URL; no verified like-for-like replacement",,3,3
https://jurispage.com/wp-content/uploads/2014/03/Gnomes.jpg,"Asset, legacy CMS endpoint or non-content URL; no verified like-for-like replacement",,3,3
https://jurispage.com/wp-content/uploads/2015/11/crms-for-lawyers.jpg,"Asset, legacy CMS endpoint or non-content URL; no verified like-for-like replacement",,4,4
https://jurispage.com/wp-content/uploads/sites/337/2013/02/Attorney-Directory-Featured-Image.jpg,"Asset, legacy CMS endpoint or non-content URL; no verified like-for-like replacement",,3,3
https://jurispage.com/wp-content/uploads/sites/337/2013/03/Step-4-1024x387.jpg,"Asset, legacy CMS endpoint or non-content URL; no verified like-for-like replacement",,3,3
https://jurispage.com/wp-content/uploads/sites/337/2013/05/Pricing-1024x723.png,"Asset, legacy CMS endpoint or non-content URL; no verified like-for-like replacement",,3,3
https://jurispage.com/wp-content/uploads/sites/337/2013/05/sans-serif.jpg,"Asset, legacy CMS endpoint or non-content URL; no verified like-for-like replacement",,8,8
https://jurispage.com/wp-content/uploads/sites/337/2013/09/Wordrake-bar.jpg,"Asset, legacy CMS endpoint or non-content URL; no verified like-for-like replacement",,4,4
https://jurispage.com/wp-content/uploads/sites/337/2013/09/lawdingo-home-1024x692.jpg,"Asset, legacy CMS endpoint or non-content URL; no verified like-for-like replacement",,3,3
https://jurispage.com/wp-content/uploads/sites/337/2014/01/MerusCase-Personal-Injury-Case-Workload.jpg,"Asset, legacy CMS endpoint or non-content URL; no verified like-for-like replacement",,5,5
https://jurispage.com/wp-content/uploads/sites/337/2014/03/Email-Inbox.jpg,"Asset, legacy CMS endpoint or non-content URL; no verified like-for-like replacement",,7,7
https://jurispage.com/wp-content/uploads/sites/337/2014/05/Chrome-Download-1024x560.jpg,"Asset, legacy CMS endpoint or non-content URL; no verified like-for-like replacement",,3,3
https://jurispage.com/wp-content/uploads/sites/337/2014/05/Meddle-example.jpg,"Asset, legacy CMS endpoint or non-content URL; no verified like-for-like replacement",,3,3
https://jurispage.com/wp-content/uploads/sites/337/2014/10/Gershenson-Law-%E2%80%93-Delaware-Incorporation-Forms-Certificate-of-Incorporation.png,"Asset, legacy CMS endpoint or non-content URL; no verified like-for-like replacement",,4,4
https://jurispage.com/wp-content/uploads/sites/337/2014/10/seo.png,"Asset, legacy CMS endpoint or non-content URL; no verified like-for-like replacement",,6,6
https://jurispage.com/wp-content/uploads/sites/337/2014/11/CT-Screenshots-Case-Page-1024x685.png,"Asset, legacy CMS endpoint or non-content URL; no verified like-for-like replacement",,5,5
https://jurispage.com/wp-content/uploads/sites/337/2015/03/Screen-Shot-2015-03-03-at-8.32.24-PM.png,"Asset, legacy CMS endpoint or non-content URL; no verified like-for-like replacement",,3,3
https://jurispage.com/wp-content/uploads/sites/337/2015/05/call-center.jpg,"Asset, legacy CMS endpoint or non-content URL; no verified like-for-like replacement",,4,4
https://jurispage.com/wp-content/uploads/sites/337/2015/05/header.jpg,"Asset, legacy CMS endpoint or non-content URL; no verified like-for-like replacement",,5,5
https://jurispage.com/wp-content/uploads/sites/337/2015/10/IMG_7823.jpg,"Asset, legacy CMS endpoint or non-content URL; no verified like-for-like replacement",,7,7
https://jurispage.com/wp-content/uploads/sites/337/2017/03/icon-jp-new.png,"Asset, legacy CMS endpoint or non-content URL; no verified like-for-like replacement",,3,3
https://jurispage.com/wp-content/uploads/sites/337/2017/09/2017-Clio-Interfance.png,"Asset, legacy CMS endpoint or non-content URL; no verified like-for-like replacement",,3,3
http://jurispage.com/wp-content/uploads/sites/337/2017/09/Image-uploaded-from-iOS-1.jpg,"Asset, legacy CMS endpoint or non-content URL; no verified like-for-like replacement",,4,4
https://jurispage.com/wp-content/uploads/sites/337/2018/08/graphics_publications17.jpg,"Asset, legacy CMS endpoint or non-content URL; no verified like-for-like replacement",,4,4
http://jurispage.com/wp-signup.php?new=www.northernvirginialitigator.com,"Asset, legacy CMS endpoint or non-content URL; no verified like-for-like replacement",,9,9
http://jurispage.com/wp-signup.php?new=www.prlaberks.com,"Asset, legacy CMS endpoint or non-content URL; no verified like-for-like replacement",,8,8
http://bernhardi.jurispage.com/?disabled_message=y,Client subdomain; preserve separate site and ownership,,3,3
https://devlawold.jurispage.com/ferari-e-domingo/,Client subdomain; preserve separate site and ownership,,4,4
https://devlawold.jurispage.com/james-j-chae/,Client subdomain; preserve separate site and ownership,,3,3
https://devlawold.jurispage.com/resources/,Client subdomain; preserve separate site and ownership,,3,3
https://experiencedlawjurispagecom.jurispage.com/,Client subdomain; preserve separate site and ownership,,3,3
https://experiencedlawjurispagecom.jurispage.com/divorce/,Client subdomain; preserve separate site and ownership,,3,3
http://kingwood.jurispage.com/wp-content/uploads/sites/160/2015/03/andrew-williams-e1425556795557.jpg,Client subdomain; preserve separate site and ownership,,3,3
https://jurispage.com/wp-content/uploads/2013/02/Ebook-Image-1-SERP-Keywords.jpg,"Asset, legacy CMS endpoint or non-content URL; no verified like-for-like replacement",,2,2
http://jurispage.com/wp-content/uploads/2013/03/Ebook-Image-13-Lawyer-v-Attorney-Keywords-1024x519.jpg,"Asset, legacy CMS endpoint or non-content URL; no verified like-for-like replacement",,2,2
https://jurispage.com/wp-content/uploads/2013/04/copyright-pages.jpg,"Asset, legacy CMS endpoint or non-content URL; no verified like-for-like replacement",,2,2
https://jurispage.com/wp-content/uploads/2013/04/yp2-1024x561.jpg,"Asset, legacy CMS endpoint or non-content URL; no verified like-for-like replacement",,2,2
https://jurispage.com/wp-content/uploads/2013/05/featured-image.jpg,"Asset, legacy CMS endpoint or non-content URL; no verified like-for-like replacement",,3,3
https://jurispage.com/wp-content/uploads/2013/05/featured-image1.jpg,"Asset, legacy CMS endpoint or non-content URL; no verified like-for-like replacement",,2,2
https://jurispage.com/wp-content/uploads/2013/08/houston-bankruptcy-lawyer1-1024x750.jpg,"Asset, legacy CMS endpoint or non-content URL; no verified like-for-like replacement",,2,2
https://jurispage.com/wp-content/uploads/2013/08/image-1024x542.jpg,"Asset, legacy CMS endpoint or non-content URL; no verified like-for-like replacement",,2,2
http://jurispage.com/wp-content/uploads/2013/08/pricing-1024x394.jpg,"Asset, legacy CMS endpoint or non-content URL; no verified like-for-like replacement",,2,2
http://jurispage.com/wp-content/uploads/2013/11/open-office-1024x670.png,"Asset, legacy CMS endpoint or non-content URL; no verified like-for-like replacement",,2,2
https://jurispage.com/wp-content/uploads/2013/11/open-office-1024x670.png,"Asset, legacy CMS endpoint or non-content URL; no verified like-for-like replacement",,3,3
https://jurispage.com/wp-content/uploads/2014/01/MerusCase-Personal-Injury-Case-Workload-1024x488.jpg,"Asset, legacy CMS endpoint or non-content URL; no verified like-for-like replacement",,2,2
https://jurispage.com/wp-content/uploads/2014/01/law-firm-internet-marketing-clients.jpg,"Asset, legacy CMS endpoint or non-content URL; no verified like-for-like replacement",,2,2
https://jurispage.com/wp-content/uploads/2014/02/kunvay-1024x639.jpg,"Asset, legacy CMS endpoint or non-content URL; no verified like-for-like replacement",,2,2
https://jurispage.com/wp-content/uploads/2014/03/GoDaddy-Add-Cname-Record.jpg,"Asset, legacy CMS endpoint or non-content URL; no verified like-for-like replacement",,5,5
https://jurispage.com/wp-content/uploads/2014/03/LawKick-Browse-Lawyers-1024x564.jpg,"Asset, legacy CMS endpoint or non-content URL; no verified like-for-like replacement",,2,2
https://jurispage.com/wp-content/uploads/2014/03/Scorpion-Design-Review1.jpg,"Asset, legacy CMS endpoint or non-content URL; no verified like-for-like replacement",,2,2
https://jurispage.com/wp-content/uploads/2014/04/Chart-Download1-1024x215.jpg,"Asset, legacy CMS endpoint or non-content URL; no verified like-for-like replacement",,2,2
http://jurispage.com/wp-content/uploads/2014/04/ilawyer-marketing-review.jpg,"Asset, legacy CMS endpoint or non-content URL; no verified like-for-like replacement",,2,2
https://jurispage.com/wp-content/uploads/2014/05/updated-law-practice-management-reviews.jpg,"Asset, legacy CMS endpoint or non-content URL; no verified like-for-like replacement",,2,2
https://jurispage.com/wp-content/uploads/2014/06/Lawyer-Networking-SEO-Unsure.jpg,"Asset, legacy CMS endpoint or non-content URL; no verified like-for-like replacement",,2,2
https://jurispage.com/wp-content/uploads/2014/06/Trademark-Service-Mark-Application-Principal-Register.png,"Asset, legacy CMS endpoint or non-content URL; no verified like-for-like replacement",,3,3
https://jurispage.com/wp-content/uploads/2015/11/Lawyer-Merry-Christmas.jpg,"Asset, legacy CMS endpoint or non-content URL; no verified like-for-like replacement",,2,2
https://jurispage.com/wp-content/uploads/sites/337/2013/03/SEO-Tools-Featured-Image.jpg,"Asset, legacy CMS endpoint or non-content URL; no verified like-for-like replacement",,2,2
https://jurispage.com/wp-content/uploads/sites/337/2013/04/featured-image3.jpg,"Asset, legacy CMS endpoint or non-content URL; no verified like-for-like replacement",,2,2
https://jurispage.com/wp-content/uploads/sites/337/2013/05/featured-image2.jpg,"Asset, legacy CMS endpoint or non-content URL; no verified like-for-like replacement",,2,2
https://jurispage.com/wp-content/uploads/sites/337/2013/05/fonts.jpg,"Asset, legacy CMS endpoint or non-content URL; no verified like-for-like replacement",,3,3
https://jurispage.com/wp-content/uploads/sites/337/2013/08/Free-Website-Evaluation.jpg,"Asset, legacy CMS endpoint or non-content URL; no verified like-for-like replacement",,2,2
https://jurispage.com/wp-content/uploads/sites/337/2013/08/adwords-first-page-cost-1024x333.png,"Asset, legacy CMS endpoint or non-content URL; no verified like-for-like replacement",,2,2
https://jurispage.com/wp-content/uploads/sites/337/2013/08/houston-bankruptcy-law-firm1-150x150.jpg,"Asset, legacy CMS endpoint or non-content URL; no verified like-for-like replacement",,2,2
https://jurispage.com/wp-content/uploads/sites/337/2013/08/houston-bankruptcy-law-firm1.jpg,"Asset, legacy CMS endpoint or non-content URL; no verified like-for-like replacement",,7,7
https://jurispage.com/wp-content/uploads/sites/337/2013/08/houston-bankruptcy-lawyer1-150x150.jpg,"Asset, legacy CMS endpoint or non-content URL; no verified like-for-like replacement",,2,2
https://jurispage.com/wp-content/uploads/sites/337/2013/09/featured-image1.jpg,"Asset, legacy CMS endpoint or non-content URL; no verified like-for-like replacement",,2,2
https://jurispage.com/wp-content/uploads/sites/337/2013/09/featured-image3-1024x398.jpg,"Asset, legacy CMS endpoint or non-content URL; no verified like-for-like replacement",,4,4
https://jurispage.com/wp-content/uploads/sites/337/2014/01/law-firm-internet-marketing-clients.jpg,"Asset, legacy CMS endpoint or non-content URL; no verified like-for-like replacement",,2,2
https://jurispage.com/wp-content/uploads/sites/337/2014/02/save-the-date-ny14.jpg,"Asset, legacy CMS endpoint or non-content URL; no verified like-for-like replacement",,3,3
https://jurispage.com/wp-content/uploads/sites/337/2014/03/Google-Scholar-Home-Page1.png,"Asset, legacy CMS endpoint or non-content URL; no verified like-for-like replacement",,3,3
https://jurispage.com/wp-content/uploads/sites/337/2014/03/Google-Scholar-case-citations-1024x545.jpg,"Asset, legacy CMS endpoint or non-content URL; no verified like-for-like replacement",,5,5
https://jurispage.com/wp-content/uploads/sites/337/2014/04/Priori-Legal-Homepage.jpg,"Asset, legacy CMS endpoint or non-content URL; no verified like-for-like replacement",,2,2
https://jurispage.com/wp-content/uploads/sites/337/2014/04/ilawyer-marketing-review.jpg,"Asset, legacy CMS endpoint or non-content URL; no verified like-for-like replacement",,2,2
https://jurispage.com/wp-content/uploads/sites/337/2014/04/tigerorchild-divorce-law-advertisement1.jpg,"Asset, legacy CMS endpoint or non-content URL; no verified like-for-like replacement",,2,2
https://jurispage.com/wp-content/uploads/sites/337/2014/05/PCLaw.jpg,"Asset, legacy CMS endpoint or non-content URL; no verified like-for-like replacement",,2,2
https://jurispage.com/wp-content/uploads/sites/337/2014/05/bill4time-matters.jpg,"Asset, legacy CMS endpoint or non-content URL; no verified like-for-like replacement",,2,2
https://jurispage.com/wp-content/uploads/sites/337/2014/07/Domainskate-Home.jpg,"Asset, legacy CMS endpoint or non-content URL; no verified like-for-like replacement",,3,3
https://jurispage.com/wp-content/uploads/sites/337/2014/07/Loud-Responsive-Mockup.png,"Asset, legacy CMS endpoint or non-content URL; no verified like-for-like replacement",,111,111
https://jurispage.com/wp-content/uploads/sites/337/2014/07/New-JurisPage-Attorney-Internet-Marketing-Homepage-1024x906.jpg,"Asset, legacy CMS endpoint or non-content URL; no verified like-for-like replacement",,5,5
http://jurispage.com/wp-content/uploads/sites/337/2014/07/uptime-jurispage-logo-medium.png,"Asset, legacy CMS endpoint or non-content URL; no verified like-for-like replacement",,5,5
https://jurispage.com/wp-content/uploads/sites/337/2014/08/Calculating-Lawyer-Marketing-ROI.jpg,"Asset, legacy CMS endpoint or non-content URL; no verified like-for-like replacement",,2,2
https://jurispage.com/wp-content/uploads/sites/337/2014/09/5-Reasons-Your-Law-Firm-Website-is-Underperforming-Clio.png,"Asset, legacy CMS endpoint or non-content URL; no verified like-for-like replacement",,2,2
https://jurispage.com/wp-content/uploads/sites/337/2014/09/IMG_5821.jpg,"Asset, legacy CMS endpoint or non-content URL; no verified like-for-like replacement",,5,5
https://jurispage.com/wp-content/uploads/sites/337/2014/10/Call-Tracking-by-Source.png,"Asset, legacy CMS endpoint or non-content URL; no verified like-for-like replacement",,2,2
https://jurispage.com/wp-content/uploads/sites/337/2014/10/Internet-URL-1024x824.jpg,"Asset, legacy CMS endpoint or non-content URL; no verified like-for-like replacement",,2,2
https://jurispage.com/wp-content/uploads/sites/337/2014/10/cover-wide.png,"Asset, legacy CMS endpoint or non-content URL; no verified like-for-like replacement",,4,4
https://jurispage.com/wp-content/uploads/sites/337/2014/11/Hawaii-Anna-Cabasso.jpg,"Asset, legacy CMS endpoint or non-content URL; no verified like-for-like replacement",,2,2
https://jurispage.com/wp-content/uploads/sites/337/2014/12/RescueTime-Your-Daily-dashboard.png,"Asset, legacy CMS endpoint or non-content URL; no verified like-for-like replacement",,2,2
https://jurispage.com/wp-content/uploads/sites/337/2015/02/IMG_63521.jpg,"Asset, legacy CMS endpoint or non-content URL; no verified like-for-like replacement",,2,2
https://jurispage.com/wp-content/uploads/sites/337/2015/05/call-center-1024x737.jpg,"Asset, legacy CMS endpoint or non-content URL; no verified like-for-like replacement",,2,2
https://jurispage.com/wp-content/uploads/sites/337/2015/08/process-street-screen.png,"Asset, legacy CMS endpoint or non-content URL; no verified like-for-like replacement",,2,2
https://jurispage.com/wp-content/uploads/sites/337/2015/10/header.jpg,"Asset, legacy CMS endpoint or non-content URL; no verified like-for-like replacement",,4,4
https://jurispage.com/wp-content/uploads/sites/337/2015/11/IMG_7872-1800x1350.jpg,"Asset, legacy CMS endpoint or non-content URL; no verified like-for-like replacement",,2,2
https://jurispage.com/wp-content/uploads/sites/337/2015/11/Programs-1024x658.jpg,"Asset, legacy CMS endpoint or non-content URL; no verified like-for-like replacement",,2,2
https://jurispage.com/wp-content/uploads/sites/337/2016/03/cosmolex-email-1024x622.png,"Asset, legacy CMS endpoint or non-content URL; no verified like-for-like replacement",,3,3
https://jurispage.com/wp-content/uploads/sites/337/2016/03/cosmolex-email.png,"Asset, legacy CMS endpoint or non-content URL; no verified like-for-like replacement",,2,2
https://jurispage.com/wp-content/uploads/sites/337/2016/04/Depositphotos_9255186_original.jpg,"Asset, legacy CMS endpoint or non-content URL; no verified like-for-like replacement",,2,2
https://jurispage.com/wp-content/uploads/sites/337/2016/05/uptime-jurispage-weekly-edge.jpg,"Asset, legacy CMS endpoint or non-content URL; no verified like-for-like replacement",,4,4
https://jurispage.com/wp-content/uploads/sites/337/2017/01/recurring-billing-step-2-1024x601.jpg,"Asset, legacy CMS endpoint or non-content URL; no verified like-for-like replacement",,2,2
https://jurispage.com/wp-content/uploads/sites/337/2017/03/icon-lw-new.png,"Asset, legacy CMS endpoint or non-content URL; no verified like-for-like replacement",,2,2
https://jurispage.com/wp-content/uploads/sites/337/2017/04/law-launcher-service-icon-blue-shadow.png,"Asset, legacy CMS endpoint or non-content URL; no verified like-for-like replacement",,2,2
http://jurispage.com/wp-content/uploads/sites/337/2017/05/law-firm-website-design.jpg,"Asset, legacy CMS endpoint or non-content URL; no verified like-for-like replacement",,3,3
https://jurispage.com/wp-content/uploads/sites/337/2017/07/adwords-dashboard.png,"Asset, legacy CMS endpoint or non-content URL; no verified like-for-like replacement",,3,3
https://jurispage.com/wp-content/uploads/sites/337/2019/04/intake-form-1024x762.png,"Asset, legacy CMS endpoint or non-content URL; no verified like-for-like replacement",,15,15
https://jurispage.com/wp-content/uploads/sites/337/2019/05/unbundled-attorney-572x316.jpg,"Asset, legacy CMS endpoint or non-content URL; no verified like-for-like replacement",,3,3
http://jurispage.com/wp-signup.php?new=fresnoworkcomp.com,"Asset, legacy CMS endpoint or non-content URL; no verified like-for-like replacement",,10,10
http://jurispage.com/wp-signup.php?new=princelaw.com,"Asset, legacy CMS endpoint or non-content URL; no verified like-for-like replacement",,5,5
http://addyson.jurispage.com/,Client subdomain; preserve separate site and ownership,,2,2
https://austin.jurispage.com/cases/,Client subdomain; preserve separate site and ownership,,2,2
http://chausowshafercom.jurispage.com/,Client subdomain; preserve separate site and ownership,,3,3
http://constructionlaw.jurispage.com/wp-content/uploads/sites/69/2012/09/Pen-and-paper.jpg,Client subdomain; preserve separate site and ownership,,2,2
https://devlawold.jurispage.com/cal-osha-defense/,Client subdomain; preserve separate site and ownership,,2,2
https://devlawold.jurispage.com/subrogation/,Client subdomain; preserve separate site and ownership,,2,2
http://jrogerwoodlaw.jurispage.com/wp-content/uploads/sites/142/2012/05/Bully-Letter_Page_21.jpg,Client subdomain; preserve separate site and ownership,,2,2
http://jrogerwoodlaw.jurispage.com/wp-content/uploads/sites/142/2012/05/Bully-Letter_Page_31.jpg,Client subdomain; preserve separate site and ownership,,2,2
http://justappeals2.jurispage.com/contact/,Client subdomain; preserve separate site and ownership,,3,3
http://kkmt.jurispage.com/contact/,Client subdomain; preserve separate site and ownership,,27,27
http://lawlauncher.jurispage.com/,Client subdomain; preserve separate site and ownership,,3,3
https://mcgivneyklugercook5.jurispage.com/job-opportunities/,Client subdomain; preserve separate site and ownership,,2,2
https://www.jurispage.com/wp-content/uploads/2021/12/Keyboard-JP.png,"Asset, legacy CMS endpoint or non-content URL; no verified like-for-like replacement",,2,2
https://www.jurispage.com/wp-content/uploads/2021/12/section-sign-wiki-1.png.webp,"Asset, legacy CMS endpoint or non-content URL; no verified like-for-like replacement",,2,2
http://jurispage.com/robots.txt,"Asset, legacy CMS endpoint or non-content URL; no verified like-for-like replacement",,2,2
https://jurispage.com/robots.txt,"Asset, legacy CMS endpoint or non-content URL; no verified like-for-like replacement",,1,1
http://jurispage.com/sitemap.xml,"Asset, legacy CMS endpoint or non-content URL; no verified like-for-like replacement",,2,2
https://jurispage.com/sitemap.xml,"Asset, legacy CMS endpoint or non-content URL; no verified like-for-like replacement",,2,2
https://jurispage.com/sitemap_index.xml,"Asset, legacy CMS endpoint or non-content URL; no verified like-for-like replacement",,2,2
https://jurispage.com/wp-comments-post.php,"Asset, legacy CMS endpoint or non-content URL; no verified like-for-like replacement",,1,1
https://jurispage.com/wp-content/plugins/gravityforms/css/formsmain.min.css,"Asset, legacy CMS endpoint or non-content URL; no verified like-for-like replacement",,2,2
https://jurispage.com/wp-content/plugins/gravityformssignature/includes/super_signature/ss.js,"Asset, legacy CMS endpoint or non-content URL; no verified like-for-like replacement",,1,0
https://jurispage.com/wp-content/plugins/monarch/css/style.css,"Asset, legacy CMS endpoint or non-content URL; no verified like-for-like replacement",,1,1
https://jurispage.com/wp-content/plugins/offsprout/css/public_style.css,"Asset, legacy CMS endpoint or non-content URL; no verified like-for-like replacement",,3,3
https://jurispage.com/wp-content/plugins/offsprout/js/gravity_script-ck.js,"Asset, legacy CMS endpoint or non-content URL; no verified like-for-like replacement",,1,1
https://jurispage.com/wp-content/plugins/offsprout/js/public_script-ck.js,"Asset, legacy CMS endpoint or non-content URL; no verified like-for-like replacement",,5,3
https://jurispage.com/wp-content/uploads/2013/02/Ebook-Standing-Book2-1024x894.jpg,"Asset, legacy CMS endpoint or non-content URL; no verified like-for-like replacement",,1,1
http://jurispage.com/wp-content/uploads/2013/02/logo-larger-black.png,"Asset, legacy CMS endpoint or non-content URL; no verified like-for-like replacement",,8,4
http://jurispage.com/wp-content/uploads/2013/03/Ebook-Image-1-SERP-Keywords.jpg,"Asset, legacy CMS endpoint or non-content URL; no verified like-for-like replacement",,1,1
http://jurispage.com/wp-content/uploads/2013/03/Ebook-Image-2-Keyword-Tool-1024x539.jpg,"Asset, legacy CMS endpoint or non-content URL; no verified like-for-like replacement",,1,1
http://jurispage.com/wp-content/uploads/2013/03/Ebook-Image-20-Anchor-Text-1024x416.jpg,"Asset, legacy CMS endpoint or non-content URL; no verified like-for-like replacement",,1,1
http://jurispage.com/wp-content/uploads/2013/03/Ebook-Image-4-Google-Analytics.jpg,"Asset, legacy CMS endpoint or non-content URL; no verified like-for-like replacement",,1,1
https://jurispage.com/wp-content/uploads/2013/03/Ebook-Standing-Book1-1024x894.jpg,"Asset, legacy CMS endpoint or non-content URL; no verified like-for-like replacement",,2,2
https://jurispage.com/wp-content/uploads/2013/03/Featured-Image2.jpg,"Asset, legacy CMS endpoint or non-content URL; no verified like-for-like replacement",,1,1
https://jurispage.com/wp-content/uploads/2013/04/featured-image1.jpg,"Asset, legacy CMS endpoint or non-content URL; no verified like-for-like replacement",,1,1
https://jurispage.com/wp-content/uploads/2013/05/Clio-Connect.png,"Asset, legacy CMS endpoint or non-content URL; no verified like-for-like replacement",,1,1
http://jurispage.com/wp-content/uploads/2013/05/featured-image1.jpg,"Asset, legacy CMS endpoint or non-content URL; no verified like-for-like replacement",,1,1
https://jurispage.com/wp-content/uploads/2013/05/featured-image4.jpg,"Asset, legacy CMS endpoint or non-content URL; no verified like-for-like replacement",,1,1
http://jurispage.com/wp-content/uploads/2013/08/amicus-dashboard.jpg,"Asset, legacy CMS endpoint or non-content URL; no verified like-for-like replacement",,1,1
https://jurispage.com/wp-content/uploads/2013/08/dashboard-1024x518.jpg,"Asset, legacy CMS endpoint or non-content URL; no verified like-for-like replacement",,1,1
http://jurispage.com/wp-content/uploads/2013/08/featured-image.png,"Asset, legacy CMS endpoint or non-content URL; no verified like-for-like replacement",,1,1
http://jurispage.com/wp-content/uploads/2013/08/featured-image1-1024x536.jpg,"Asset, legacy CMS endpoint or non-content URL; no verified like-for-like replacement",,1,1
http://jurispage.com/wp-content/uploads/2013/08/pricing1.jpg,"Asset, legacy CMS endpoint or non-content URL; no verified like-for-like replacement",,1,1
https://jurispage.com/wp-content/uploads/2013/08/template-document.jpg,"Asset, legacy CMS endpoint or non-content URL; no verified like-for-like replacement",,1,1
https://jurispage.com/wp-content/uploads/2013/08/workspaces.jpg,"Asset, legacy CMS endpoint or non-content URL; no verified like-for-like replacement",,1,1
https://jurispage.com/wp-content/uploads/2013/09/local-results.jpg,"Asset, legacy CMS endpoint or non-content URL; no verified like-for-like replacement",,2,2
https://jurispage.com/wp-content/uploads/2013/09/search-results-2.jpg,"Asset, legacy CMS endpoint or non-content URL; no verified like-for-like replacement",,1,1
https://jurispage.com/wp-content/uploads/2013/09/shake-shack-google-local.jpg,"Asset, legacy CMS endpoint or non-content URL; no verified like-for-like replacement",,3,3
https://jurispage.com/wp-content/uploads/2013/10/clio-payment-calculator.png,"Asset, legacy CMS endpoint or non-content URL; no verified like-for-like replacement",,1,1
http://jurispage.com/wp-content/uploads/2013/10/freshbooks-pricing.jpg,"Asset, legacy CMS endpoint or non-content URL; no verified like-for-like replacement",,1,1
http://jurispage.com/wp-content/uploads/2013/11/Fastcase-bar-associations.jpg,"Asset, legacy CMS endpoint or non-content URL; no verified like-for-like replacement",,1,1
http://jurispage.com/wp-content/uploads/2013/11/fastcase-search-813x300.jpg,"Asset, legacy CMS endpoint or non-content URL; no verified like-for-like replacement",,1,1
https://jurispage.com/wp-content/uploads/2013/11/open-office.png,"Asset, legacy CMS endpoint or non-content URL; no verified like-for-like replacement",,1,1
https://jurispage.com/wp-content/uploads/2014/01/Document-Preview-1024x786.jpg,"Asset, legacy CMS endpoint or non-content URL; no verified like-for-like replacement",,1,1
https://jurispage.com/wp-content/uploads/2014/01/MerusCase-Personal-Injury-Case-Workload.jpg,"Asset, legacy CMS endpoint or non-content URL; no verified like-for-like replacement",,1,1
https://jurispage.com/wp-content/uploads/2014/02/Dropbox-for-Lawyers-and-Law-Firms.jpg,"Asset, legacy CMS endpoint or non-content URL; no verified like-for-like replacement",,1,1
https://jurispage.com/wp-content/uploads/2014/02/Shake-App.jpg,"Asset, legacy CMS endpoint or non-content URL; no verified like-for-like replacement",,1,1
https://jurispage.com/wp-content/uploads/2014/02/lawtrades-lawyer-search.png,"Asset, legacy CMS endpoint or non-content URL; no verified like-for-like replacement",,1,1
https://jurispage.com/wp-content/uploads/2014/02/save-the-date-ny14.jpg,"Asset, legacy CMS endpoint or non-content URL; no verified like-for-like replacement",,1,1
https://jurispage.com/wp-content/uploads/2014/03/GoDaddy-Details-Screen.jpg,"Asset, legacy CMS endpoint or non-content URL; no verified like-for-like replacement",,3,3
https://jurispage.com/wp-content/uploads/2014/03/GoDaddy-Login-Screen.jpg,"Asset, legacy CMS endpoint or non-content URL; no verified like-for-like replacement",,2,2
https://jurispage.com/wp-content/uploads/2014/03/Google-Scholar-Home-Page.png,"Asset, legacy CMS endpoint or non-content URL; no verified like-for-like replacement",,1,1
https://jurispage.com/wp-content/uploads/2014/03/Google-Scholar-Home-Page1.png,"Asset, legacy CMS endpoint or non-content URL; no verified like-for-like replacement",,1,1
https://jurispage.com/wp-content/uploads/2014/04/Chart-Download1.jpg,"Asset, legacy CMS endpoint or non-content URL; no verified like-for-like replacement",,1,1
https://jurispage.com/wp-content/uploads/2014/04/ilawyer-california-dog-bite-lawyer-1024x819.jpg,"Asset, legacy CMS endpoint or non-content URL; no verified like-for-like replacement",,1,1
https://jurispage.com/wp-content/uploads/2014/04/ilawyer-marketing-review.jpg,"Asset, legacy CMS endpoint or non-content URL; no verified like-for-like replacement",,1,1
https://jurispage.com/wp-content/uploads/2014/04/tigerorchild-divorce-law-advertisement1.jpg,"Asset, legacy CMS endpoint or non-content URL; no verified like-for-like replacement",,1,1
https://jurispage.com/wp-content/uploads/2014/05/Chrome-Download.jpg,"Asset, legacy CMS endpoint or non-content URL; no verified like-for-like replacement",,1,1
http://jurispage.com/wp-content/uploads/2014/05/PCLaw-Dashboard-Screenshot.jpg,"Asset, legacy CMS endpoint or non-content URL; no verified like-for-like replacement",,1,1
https://jurispage.com/wp-content/uploads/2014/05/Timeslips-dashboard.jpg,"Asset, legacy CMS endpoint or non-content URL; no verified like-for-like replacement",,1,1
https://jurispage.com/wp-content/uploads/2014/05/Yelp-Featured-Image.jpg,"Asset, legacy CMS endpoint or non-content URL; no verified like-for-like replacement",,1,1
https://jurispage.com/wp-content/uploads/2014/05/bill4time-dashboard-1.jpg,"Asset, legacy CMS endpoint or non-content URL; no verified like-for-like replacement",,1,1
https://jurispage.com/wp-content/uploads/2014/05/ebillity-dashboard.jpg,"Asset, legacy CMS endpoint or non-content URL; no verified like-for-like replacement",,1,1
https://jurispage.com/wp-content/uploads/2014/07/Attorney-Bio.jpg,"Asset, legacy CMS endpoint or non-content URL; no verified like-for-like replacement",,1,1
https://jurispage.com/wp-content/uploads/2014/07/Attorney-Website-Post-Launch-Checklist.jpg,"Asset, legacy CMS endpoint or non-content URL; no verified like-for-like replacement",,1,1
http://jurispage.com/wp-content/uploads/2014/07/Editing-Site-Pages-1024x667.jpg,"Asset, legacy CMS endpoint or non-content URL; no verified like-for-like replacement",,1,1
https://jurispage.com/wp-content/uploads/2014/07/Internet-Surfing-1024x682.jpg,"Asset, legacy CMS endpoint or non-content URL; no verified like-for-like replacement",,1,1
https://jurispage.com/wp-content/uploads/2014/07/Lawyer-PPC-Case-Study-Comparison.jpg,"Asset, legacy CMS endpoint or non-content URL; no verified like-for-like replacement",,1,1
https://jurispage.com/wp-content/uploads/2014/07/Lawyer-PPC-Case-Study-Pre.jpg,"Asset, legacy CMS endpoint or non-content URL; no verified like-for-like replacement",,1,1
https://jurispage.com/wp-content/uploads/2014/07/Webinar.jpg,"Asset, legacy CMS endpoint or non-content URL; no verified like-for-like replacement",,1,1
https://jurispage.com/wp-content/uploads/2014/07/Will-Doc.jpg,"Asset, legacy CMS endpoint or non-content URL; no verified like-for-like replacement",,1,1
https://jurispage.com/wp-content/uploads/2014/07/logo-small-2.png,"Asset, legacy CMS endpoint or non-content URL; no verified like-for-like replacement",,1,1
https://jurispage.com/wp-content/uploads/2014/08/10-questions-website-featured.png,"Asset, legacy CMS endpoint or non-content URL; no verified like-for-like replacement",,1,1
https://jurispage.com/wp-content/uploads/2014/08/Amazon-Gets-into-PPC.jpg,"Asset, legacy CMS endpoint or non-content URL; no verified like-for-like replacement",,1,1
https://jurispage.com/wp-content/uploads/2014/08/Bad-Law-Firm-Website-Layout-with-Social-Media-Feeds.jpg,"Asset, legacy CMS endpoint or non-content URL; no verified like-for-like replacement",,1,1
http://jurispage.com/wp-content/uploads/2014/08/Google-Plus-Communities-for-Lawyers-1024x667.png,"Asset, legacy CMS endpoint or non-content URL; no verified like-for-like replacement",,1,1
https://jurispage.com/wp-content/uploads/2014/08/Google-Plus-Communities-for-Lawyers-1024x667.png,"Asset, legacy CMS endpoint or non-content URL; no verified like-for-like replacement",,1,1
https://jurispage.com/wp-content/uploads/2014/08/web-design.png,"Asset, legacy CMS endpoint or non-content URL; no verified like-for-like replacement",,1,1
http://jurispage.com/wp-content/uploads/2014/09/Clio-Lawyer-Case-Management-Software-Dashboard.png,"Asset, legacy CMS endpoint or non-content URL; no verified like-for-like replacement",,1,1
https://jurispage.com/wp-content/uploads/2014/09/Clio-Lawyer-Case-Management-Software-Dashboard.png,"Asset, legacy CMS endpoint or non-content URL; no verified like-for-like replacement",,1,1
https://jurispage.com/wp-content/uploads/2014/10/Internet-URL.jpg,"Asset, legacy CMS endpoint or non-content URL; no verified like-for-like replacement",,1,1
https://jurispage.com/wp-content/uploads/2014/11/Mikrofon-im-Spotlight.jpg,"Asset, legacy CMS endpoint or non-content URL; no verified like-for-like replacement",,1,1
https://jurispage.com/wp-content/uploads/2014/12/Contact-Form-Comparison.jpg,"Asset, legacy CMS endpoint or non-content URL; no verified like-for-like replacement",,1,1
https://jurispage.com/wp-content/uploads/2015/02/BaileySC.jpg,"Asset, legacy CMS endpoint or non-content URL; no verified like-for-like replacement",,1,1
https://jurispage.com/wp-content/uploads/2015/05/call-center-1024x737.jpg,"Asset, legacy CMS endpoint or non-content URL; no verified like-for-like replacement",,1,1
https://jurispage.com/wp-content/uploads/2015/05/hadden-law-firm.jpg,"Asset, legacy CMS endpoint or non-content URL; no verified like-for-like replacement",,1,1
https://jurispage.com/wp-content/uploads/2015/05/header-1024x210.jpg,"Asset, legacy CMS endpoint or non-content URL; no verified like-for-like replacement",,1,1
https://jurispage.com/wp-content/uploads/2015/09/redesign-cover.png,"Asset, legacy CMS endpoint or non-content URL; no verified like-for-like replacement",,1,1
https://jurispage.com/wp-content/uploads/2015/11/IMG_7824-1024x768.jpg,"Asset, legacy CMS endpoint or non-content URL; no verified like-for-like replacement",,1,1
https://jurispage.com/wp-content/uploads/sites/337/2013/03/Adwords-Welcome-1024x469.jpg,"Asset, legacy CMS endpoint or non-content URL; no verified like-for-like replacement",,1,1
https://jurispage.com/wp-content/uploads/sites/337/2013/03/Ebook-Image-4-Google-Analytics.jpg,"Asset, legacy CMS endpoint or non-content URL; no verified like-for-like replacement",,1,1
https://jurispage.com/wp-content/uploads/sites/337/2013/03/Featured-Image-2.jpg,"Asset, legacy CMS endpoint or non-content URL; no verified like-for-like replacement",,1,1
https://jurispage.com/wp-content/uploads/sites/337/2013/03/Scales-Google-Search-1024x501.jpg,"Asset, legacy CMS endpoint or non-content URL; no verified like-for-like replacement",,1,1
https://jurispage.com/wp-content/uploads/sites/337/2013/03/footer1.jpg,"Asset, legacy CMS endpoint or non-content URL; no verified like-for-like replacement",,1,1
https://jurispage.com/wp-content/uploads/sites/337/2013/04/130222-Good-vs-Bad-Site-Design.jpg,"Asset, legacy CMS endpoint or non-content URL; no verified like-for-like replacement",,1,1
https://jurispage.com/wp-content/uploads/sites/337/2013/04/Plagiarism-Checker.jpg,"Asset, legacy CMS endpoint or non-content URL; no verified like-for-like replacement",,1,1
https://jurispage.com/wp-content/uploads/sites/337/2013/05/featured-image1.jpg,"Asset, legacy CMS endpoint or non-content URL; no verified like-for-like replacement",,1,1
https://jurispage.com/wp-content/uploads/sites/337/2013/05/serifs.jpg,"Asset, legacy CMS endpoint or non-content URL; no verified like-for-like replacement",,14,14
https://jurispage.com/wp-content/uploads/sites/337/2013/07/featured-image2.jpg,"Asset, legacy CMS endpoint or non-content URL; no verified like-for-like replacement",,1,1
https://jurispage.com/wp-content/uploads/sites/337/2013/08/Featured-image.jpg,"Asset, legacy CMS endpoint or non-content URL; no verified like-for-like replacement",,1,1
https://jurispage.com/wp-content/uploads/sites/337/2013/08/JurisPage-Website-Evaluation-Sample.pdf,"Asset, legacy CMS endpoint or non-content URL; no verified like-for-like replacement",,1,1
https://jurispage.com/wp-content/uploads/sites/337/2013/08/dashboard1.jpg,"Asset, legacy CMS endpoint or non-content URL; no verified like-for-like replacement",,1,1
https://jurispage.com/wp-content/uploads/sites/337/2013/08/houston-bankruptcy-lawyer1-1024x750.jpg,"Asset, legacy CMS endpoint or non-content URL; no verified like-for-like replacement",,1,1
https://jurispage.com/wp-content/uploads/sites/337/2013/09/lawdingo-home.jpg,"Asset, legacy CMS endpoint or non-content URL; no verified like-for-like replacement",,2,2
https://jurispage.com/wp-content/uploads/sites/337/2013/09/local-results1-1024x637.jpg,"Asset, legacy CMS endpoint or non-content URL; no verified like-for-like replacement",,1,1
https://jurispage.com/wp-content/uploads/sites/337/2013/09/local-results1.jpg,"Asset, legacy CMS endpoint or non-content URL; no verified like-for-like replacement",,1,1
https://jurispage.com/wp-content/uploads/sites/337/2013/10/clio-statement-of-account-1024x699.png,"Asset, legacy CMS endpoint or non-content URL; no verified like-for-like replacement",,1,1
https://jurispage.com/wp-content/uploads/sites/337/2013/10/freshbooks-pricing.jpg,"Asset, legacy CMS endpoint or non-content URL; no verified like-for-like replacement",,1,1
https://jurispage.com/wp-content/uploads/sites/337/2013/10/landing-page-2.jpg,"Asset, legacy CMS endpoint or non-content URL; no verified like-for-like replacement",,1,1
https://jurispage.com/wp-content/uploads/sites/337/2013/11/fastcase-law-search-1024x666.jpg,"Asset, legacy CMS endpoint or non-content URL; no verified like-for-like replacement",,1,1
https://jurispage.com/wp-content/uploads/sites/337/2013/11/fastcase-library.jpg,"Asset, legacy CMS endpoint or non-content URL; no verified like-for-like replacement",,1,1
https://jurispage.com/wp-content/uploads/sites/337/2013/11/fastcase-search-813x300.jpg,"Asset, legacy CMS endpoint or non-content URL; no verified like-for-like replacement",,1,1
https://jurispage.com/wp-content/uploads/sites/337/2013/11/fastcase-search.jpg,"Asset, legacy CMS endpoint or non-content URL; no verified like-for-like replacement",,1,1
https://jurispage.com/wp-content/uploads/sites/337/2013/11/open-office-1024x670.png,"Asset, legacy CMS endpoint or non-content URL; no verified like-for-like replacement",,2,2
https://jurispage.com/wp-content/uploads/sites/337/2014/01/JurisPage-CLE-Slide-Improving-Your-Internet-Presence.jpg,"Asset, legacy CMS endpoint or non-content URL; no verified like-for-like replacement",,1,1
https://jurispage.com/wp-content/uploads/sites/337/2014/02/Clio-Apple-in-Law-Offices-Survey-1024x448.jpg,"Asset, legacy CMS endpoint or non-content URL; no verified like-for-like replacement",,2,2
https://jurispage.com/wp-content/uploads/sites/337/2014/02/Clio-Apple-in-Law-Offices-Survey.jpg,"Asset, legacy CMS endpoint or non-content URL; no verified like-for-like replacement",,1,1
https://jurispage.com/wp-content/uploads/sites/337/2014/02/Jan-Feb-2014-068.jpg,"Asset, legacy CMS endpoint or non-content URL; no verified like-for-like replacement",,1,1
https://jurispage.com/wp-content/uploads/sites/337/2014/02/lawyers-mobile-phones-Apple-Clio-Survey.jpg,"Asset, legacy CMS endpoint or non-content URL; no verified like-for-like replacement",,1,1
https://jurispage.com/wp-content/uploads/sites/337/2014/03/Google-Scholar-Jurisdictions.jpg,"Asset, legacy CMS endpoint or non-content URL; no verified like-for-like replacement",,1,1
https://jurispage.com/wp-content/uploads/sites/337/2014/03/LawKick-DUI-Step-1-1024x489.jpg,"Asset, legacy CMS endpoint or non-content URL; no verified like-for-like replacement",,1,1
https://jurispage.com/wp-content/uploads/sites/337/2014/03/Scorpion-Design-Review1.jpg,"Asset, legacy CMS endpoint or non-content URL; no verified like-for-like replacement",,1,1
https://jurispage.com/wp-content/uploads/sites/337/2014/03/Sleep-Cycle-Differences.png,"Asset, legacy CMS endpoint or non-content URL; no verified like-for-like replacement",,1,1
https://jurispage.com/wp-content/uploads/sites/337/2014/07/Clio-Task-List-Dashboard.jpg,"Asset, legacy CMS endpoint or non-content URL; no verified like-for-like replacement",,1,1
https://jurispage.com/wp-content/uploads/sites/337/2014/07/EY2016T.gif,"Asset, legacy CMS endpoint or non-content URL; no verified like-for-like replacement",,5,5
https://jurispage.com/wp-content/uploads/sites/337/2014/07/Lawyer-PPC-Case-Study-Improvement.jpg,"Asset, legacy CMS endpoint or non-content URL; no verified like-for-like replacement",,2,2
https://jurispage.com/wp-content/uploads/sites/337/2014/07/New-JurisPage-Attorney-Internet-Marketing-Homepage.jpg,"Asset, legacy CMS endpoint or non-content URL; no verified like-for-like replacement",,1,1
https://jurispage.com/wp-content/uploads/sites/337/2014/07/Webinar.jpg,"Asset, legacy CMS endpoint or non-content URL; no verified like-for-like replacement",,1,1
https://jurispage.com/wp-content/uploads/sites/337/2014/07/logo_aba.png,"Asset, legacy CMS endpoint or non-content URL; no verified like-for-like replacement",,1,1
https://jurispage.com/wp-content/uploads/sites/337/2014/07/more-traffic-1024x812.jpg,"Asset, legacy CMS endpoint or non-content URL; no verified like-for-like replacement",,1,1
https://jurispage.com/wp-content/uploads/sites/337/2014/07/more-traffic.jpg,"Asset, legacy CMS endpoint or non-content URL; no verified like-for-like replacement",,1,1
http://jurispage.com/wp-content/uploads/sites/337/2014/07/rcp-rocket-award.png,"Asset, legacy CMS endpoint or non-content URL; no verified like-for-like replacement",,1,1
https://jurispage.com/wp-content/uploads/sites/337/2014/07/uptime-jurispage-logo-medium.png,"Asset, legacy CMS endpoint or non-content URL; no verified like-for-like replacement",,1,1
https://jurispage.com/wp-content/uploads/sites/337/2014/07/uptime-legal-logo-final-tiny-white.png,"Asset, legacy CMS endpoint or non-content URL; no verified like-for-like replacement",,3,3
https://jurispage.com/wp-content/uploads/sites/337/2014/07/web-design.jpg,"Asset, legacy CMS endpoint or non-content URL; no verified like-for-like replacement",,1,1
https://jurispage.com/wp-content/uploads/sites/337/2014/08/Graph-large-1024x616.jpg,"Asset, legacy CMS endpoint or non-content URL; no verified like-for-like replacement",,1,1
https://jurispage.com/wp-content/uploads/sites/337/2014/08/Kahuna-Accounting-Homepage1.png,"Asset, legacy CMS endpoint or non-content URL; no verified like-for-like replacement",,1,1
https://jurispage.com/wp-content/uploads/sites/337/2014/08/Obama-Hangout.jpg,"Asset, legacy CMS endpoint or non-content URL; no verified like-for-like replacement",,2,2
https://jurispage.com/wp-content/uploads/sites/337/2014/08/web-design-1024x631.png,"Asset, legacy CMS endpoint or non-content URL; no verified like-for-like replacement",,1,1
https://jurispage.com/wp-content/uploads/sites/337/2014/08/web-design.png,"Asset, legacy CMS endpoint or non-content URL; no verified like-for-like replacement",,1,1
https://jurispage.com/wp-content/uploads/sites/337/2014/09/Google-Hangouts-logo.jpg,"Asset, legacy CMS endpoint or non-content URL; no verified like-for-like replacement",,1,1
https://jurispage.com/wp-content/uploads/sites/337/2014/10/ppc-guide-cover-white-small1.png,"Asset, legacy CMS endpoint or non-content URL; no verified like-for-like replacement",,1,1
https://jurispage.com/wp-content/uploads/sites/337/2014/10/toc.png,"Asset, legacy CMS endpoint or non-content URL; no verified like-for-like replacement",,1,1
https://jurispage.com/wp-content/uploads/sites/337/2014/11/Hawaii-Anna-Cabasso-1024x768.jpg,"Asset, legacy CMS endpoint or non-content URL; no verified like-for-like replacement",,1,1
https://jurispage.com/wp-content/uploads/sites/337/2014/12/Boomerang.jpg,"Asset, legacy CMS endpoint or non-content URL; no verified like-for-like replacement",,1,1
https://jurispage.com/wp-content/uploads/sites/337/2014/12/Five-Ways-to-Sink-Your-Blog.png,"Asset, legacy CMS endpoint or non-content URL; no verified like-for-like replacement",,1,1
https://jurispage.com/wp-content/uploads/sites/337/2015/02/BaileySC.jpg,"Asset, legacy CMS endpoint or non-content URL; no verified like-for-like replacement",,1,1
https://jurispage.com/wp-content/uploads/sites/337/2015/02/IMG_6378-e1423854494863-900x300.jpg,"Asset, legacy CMS endpoint or non-content URL; no verified like-for-like replacement",,1,1
https://jurispage.com/wp-content/uploads/sites/337/2015/03/Screen-Shot-2015-03-03-at-8.32.24-PM-1024x689.png,"Asset, legacy CMS endpoint or non-content URL; no verified like-for-like replacement",,1,1
https://jurispage.com/wp-content/uploads/sites/337/2015/05/header-1024x210.jpg,"Asset, legacy CMS endpoint or non-content URL; no verified like-for-like replacement",,1,1
https://jurispage.com/wp-content/uploads/sites/337/2015/07/Avvo-Featured-Image-Week-1.png,"Asset, legacy CMS endpoint or non-content URL; no verified like-for-like replacement",,3,3
https://jurispage.com/wp-content/uploads/sites/337/2015/07/Depositphotos_23444890_original.jpg,"Asset, legacy CMS endpoint or non-content URL; no verified like-for-like replacement",,1,1
https://jurispage.com/wp-content/uploads/sites/337/2015/09/Alt-Legal-Homepage-1024x608.png,"Asset, legacy CMS endpoint or non-content URL; no verified like-for-like replacement",,1,1
https://jurispage.com/wp-content/uploads/sites/337/2015/09/redesign-cover-751x1024.png,"Asset, legacy CMS endpoint or non-content URL; no verified like-for-like replacement",,1,1
https://jurispage.com/wp-content/uploads/sites/337/2015/09/redesign-cover.png,"Asset, legacy CMS endpoint or non-content URL; no verified like-for-like replacement",,1,1
https://jurispage.com/wp-content/uploads/sites/337/2015/10/header-1024x210.jpg,"Asset, legacy CMS endpoint or non-content URL; no verified like-for-like replacement",,2,2
https://jurispage.com/wp-content/uploads/sites/337/2015/11/Contact-1024x624.jpg,"Asset, legacy CMS endpoint or non-content URL; no verified like-for-like replacement",,1,1
https://jurispage.com/wp-content/uploads/sites/337/2015/11/Dashboardcenterpiece-1024x269.png,"Asset, legacy CMS endpoint or non-content URL; no verified like-for-like replacement",,1,1
https://jurispage.com/wp-content/uploads/sites/337/2015/11/Dashboardcenterpiece.png,"Asset, legacy CMS endpoint or non-content URL; no verified like-for-like replacement",,1,1
https://jurispage.com/wp-content/uploads/sites/337/2015/11/IMG_7818-e1446578089704-1024x576.jpg,"Asset, legacy CMS endpoint or non-content URL; no verified like-for-like replacement",,5,5
https://jurispage.com/wp-content/uploads/sites/337/2015/11/IMG_7818-e1446578089704.jpg,"Asset, legacy CMS endpoint or non-content URL; no verified like-for-like replacement",,1,1
http://jurispage.com/wp-content/uploads/sites/337/2015/11/Lawyer-Merry-Christmas.jpg,"Asset, legacy CMS endpoint or non-content URL; no verified like-for-like replacement",,1,1
https://jurispage.com/wp-content/uploads/sites/337/2015/11/Pricing-1024x547.jpg,"Asset, legacy CMS endpoint or non-content URL; no verified like-for-like replacement",,6,6
https://jurispage.com/wp-content/uploads/sites/337/2015/11/crms-for-lawyers.jpg,"Asset, legacy CMS endpoint or non-content URL; no verified like-for-like replacement",,1,1
https://jurispage.com/wp-content/uploads/sites/337/2015/11/gray-logo.png,"Asset, legacy CMS endpoint or non-content URL; no verified like-for-like replacement",,1,1
https://jurispage.com/wp-content/uploads/sites/337/2015/11/logo-on-white.png,"Asset, legacy CMS endpoint or non-content URL; no verified like-for-like replacement",,1,1
https://jurispage.com/wp-content/uploads/sites/337/2015/12/Andrew-Cabasso-Month-3-1024x423.jpg,"Asset, legacy CMS endpoint or non-content URL; no verified like-for-like replacement",,1,0
https://jurispage.com/wp-content/uploads/sites/337/2015/12/Depositphotos_43486295_original.jpg,"Asset, legacy CMS endpoint or non-content URL; no verified like-for-like replacement",,1,1
https://jurispage.com/wp-content/uploads/sites/337/2015/12/IMG_8197-1024x768.jpg,"Asset, legacy CMS endpoint or non-content URL; no verified like-for-like replacement",,1,1
https://jurispage.com/wp-content/uploads/sites/337/2015/12/fool-proof.jpg,"Asset, legacy CMS endpoint or non-content URL; no verified like-for-like replacement",,1,1
https://jurispage.com/wp-content/uploads/sites/337/2016/01/Depositphotos_93707512_original.jpg,"Asset, legacy CMS endpoint or non-content URL; no verified like-for-like replacement",,1,1
https://jurispage.com/wp-content/uploads/sites/337/2016/01/TeamsID-IG-Worst-Password-V3.jpg,"Asset, legacy CMS endpoint or non-content URL; no verified like-for-like replacement",,1,1
https://jurispage.com/wp-content/uploads/sites/337/2016/03/Rocket-Matter-Atlas-Update.png,"Asset, legacy CMS endpoint or non-content URL; no verified like-for-like replacement",,1,1
https://jurispage.com/wp-content/uploads/sites/337/2016/04/Depositphotos_9255186_original-1024x829.jpg,"Asset, legacy CMS endpoint or non-content URL; no verified like-for-like replacement",,1,1
https://jurispage.com/wp-content/uploads/sites/337/2016/05/uptime-jurispage-logo-open-small1.png,"Asset, legacy CMS endpoint or non-content URL; no verified like-for-like replacement",,1,1
https://jurispage.com/wp-content/uploads/sites/337/2016/07/ppc-2.png,"Asset, legacy CMS endpoint or non-content URL; no verified like-for-like replacement",,1,1
https://jurispage.com/wp-content/uploads/sites/337/2016/07/practice-management-chart-square-e1468864719409.jpg,"Asset, legacy CMS endpoint or non-content URL; no verified like-for-like replacement",,1,1
https://jurispage.com/wp-content/uploads/sites/337/2016/08/Abstract-Businessman-walks-off-a-cliff-1024x1005.jpg,"Asset, legacy CMS endpoint or non-content URL; no verified like-for-like replacement",,1,1
https://jurispage.com/wp-content/uploads/sites/337/2016/08/IMG_9433-1024x768.jpg,"Asset, legacy CMS endpoint or non-content URL; no verified like-for-like replacement",,1,1
https://jurispage.com/wp-content/uploads/sites/337/2016/08/win-1024x1024.jpg,"Asset, legacy CMS endpoint or non-content URL; no verified like-for-like replacement",,1,1
https://jurispage.com/wp-content/uploads/sites/337/2016/10/quora-ellis.png,"Asset, legacy CMS endpoint or non-content URL; no verified like-for-like replacement",,1,1
https://jurispage.com/wp-content/uploads/sites/337/2017/01/Depositphotos_18937211_original-300x200.jpg,"Asset, legacy CMS endpoint or non-content URL; no verified like-for-like replacement",,1,1
https://jurispage.com/wp-content/uploads/sites/337/2017/03/logo-final2-1024x399-1024x399-1024x399.png,"Asset, legacy CMS endpoint or non-content URL; no verified like-for-like replacement",,1,1
https://jurispage.com/wp-content/uploads/sites/337/2017/04/law-firm-marketing-plan-metrics.png,"Asset, legacy CMS endpoint or non-content URL; no verified like-for-like replacement",,2,2
https://jurispage.com/wp-content/uploads/sites/337/2017/05/law-firm-website-design-300x219.jpg,"Asset, legacy CMS endpoint or non-content URL; no verified like-for-like replacement",,1,1
https://jurispage.com/wp-content/uploads/sites/337/2017/07/Depositphotos_22243267_original-300x200.jpg,"Asset, legacy CMS endpoint or non-content URL; no verified like-for-like replacement",,1,1
https://jurispage.com/wp-content/uploads/sites/337/2017/10/2017-Legal-Trends-Report-1024x780.png,"Asset, legacy CMS endpoint or non-content URL; no verified like-for-like replacement",,1,1
https://jurispage.com/wp-content/uploads/sites/337/2017/12/Dashboard.png,"Asset, legacy CMS endpoint or non-content URL; no verified like-for-like replacement",,1,1
https://jurispage.com/wp-content/uploads/sites/337/2018/04/10-best-legal-seo-firms.png,"Asset, legacy CMS endpoint or non-content URL; no verified like-for-like replacement",,1,1
https://jurispage.com/wp-content/uploads/sites/337/2018/06/Family-Strategies.jpg,"Asset, legacy CMS endpoint or non-content URL; no verified like-for-like replacement",,1,1
https://jurispage.com/wp-content/uploads/sites/337/2018/07/graphics10.jpg,"Asset, legacy CMS endpoint or non-content URL; no verified like-for-like replacement",,1,1
https://jurispage.com/wp-content/uploads/sites/337/2018/07/graphics7.jpg,"Asset, legacy CMS endpoint or non-content URL; no verified like-for-like replacement",,1,1
https://jurispage.com/wp-content/uploads/sites/337/2018/12/Depositphotos_62106347_l-2015.jpg,"Asset, legacy CMS endpoint or non-content URL; no verified like-for-like replacement",,7,7
https://jurispage.com/wp-content/uploads/sites/337/2018/12/law-firm-marketing-SEO-1024x338.jpg,"Asset, legacy CMS endpoint or non-content URL; no verified like-for-like replacement",,1,1
https://jurispage.com/wp-content/uploads/sites/337/2019/04/Clio-Grow-_-Matter-Pipeline-1024x600.png,"Asset, legacy CMS endpoint or non-content URL; no verified like-for-like replacement",,2,2
https://jurispage.com/wp-content/uploads/sites/337/2019/04/clio-grow-matter-screen.png,"Asset, legacy CMS endpoint or non-content URL; no verified like-for-like replacement",,3,3
https://jurispage.com/wp-content/uploads/sites/337/2019/04/clio-grow-template-1024x843.png,"Asset, legacy CMS endpoint or non-content URL; no verified like-for-like replacement",,2,2
https://jurispage.com/wp-content/uploads/sites/337/2019/04/form-builder-1024x641.png,"Asset, legacy CMS endpoint or non-content URL; no verified like-for-like replacement",,2,2
https://jurispage.com/wp-content/uploads/sites/337/2019/04/onboarding-checklist.png,"Asset, legacy CMS endpoint or non-content URL; no verified like-for-like replacement",,3,3
https://jurispage.com/wp-content/uploads/sites/337/2019/04/screen_shot_2019-01-22_at_11.55.50_am-1024x768.png,"Asset, legacy CMS endpoint or non-content URL; no verified like-for-like replacement",,1,1
https://jurispage.com/wp-content/uploads/sites/337/2019/04/screen_shot_2019-01-22_at_11.55.50_am.png,"Asset, legacy CMS endpoint or non-content URL; no verified like-for-like replacement",,1,1
https://jurispage.com/wp-content/uploads/sites/337/2019/06/10-best-law-web-design-firms.jpg,"Asset, legacy CMS endpoint or non-content URL; no verified like-for-like replacement",,1,1
https://jurispage.com/wp-content/uploads/sites/337/2019/06/Lawyerist-400h.jpg,"Asset, legacy CMS endpoint or non-content URL; no verified like-for-like replacement",,1,1
https://jurispage.com/wp-content/uploads/sites/337/2019/06/legal-marketing-badge.jpg,"Asset, legacy CMS endpoint or non-content URL; no verified like-for-like replacement",,1,1
https://jurispage.com/wp-content/uploads/sites/337/2019/07/law-firm-seo-1024x703.jpg,"Asset, legacy CMS endpoint or non-content URL; no verified like-for-like replacement",,1,1
https://jurispage.com/wp-content/uploads/sites/337/2019/07/law-firm-seo.jpg,"Asset, legacy CMS endpoint or non-content URL; no verified like-for-like replacement",,1,1
https://jurispage.com/wp-content/uploads/sites/337/2019/07/law_firm_internet_marketing.jpg,"Asset, legacy CMS endpoint or non-content URL; no verified like-for-like replacement",,20,20
https://jurispage.com/wp-content/uploads/sites/337/2019/08/Depositphotos_92596458_l-2015-1024x622.jpg,"Asset, legacy CMS endpoint or non-content URL; no verified like-for-like replacement",,1,1
https://jurispage.com/wp-content/uploads/sites/337/2019/08/Screen-Shot-2018-03-04-at-12.08.12-AM-768x471.png,"Asset, legacy CMS endpoint or non-content URL; no verified like-for-like replacement",,1,1
https://jurispage.com/wp-content/uploads/sites/337/2020/07/Law-Firm-SEO.jpg,"Asset, legacy CMS endpoint or non-content URL; no verified like-for-like replacement",,41,41
https://jurispage.com/wp-content/uploads/sites/337/2020/07/law-firm-marketing-1024x683.jpg,"Asset, legacy CMS endpoint or non-content URL; no verified like-for-like replacement",,2,2
https://jurispage.com/wp-content/uploads/sites/337/2020/07/law-firm-marketing.jpg,"Asset, legacy CMS endpoint or non-content URL; no verified like-for-like replacement",,19,19
https://jurispage.com/wp-content/uploads/sites/337/2020/07/write-a-killer-law-firm-marketing-plan.jpg,"Asset, legacy CMS endpoint or non-content URL; no verified like-for-like replacement",,36,36
http://jurispage.com/wp-login.php,"Asset, legacy CMS endpoint or non-content URL; no verified like-for-like replacement",,2,2
https://jurispage.com/wp-login.php,"Asset, legacy CMS endpoint or non-content URL; no verified like-for-like replacement",,2,2
https://jurispage.com/wp-login.php?redirect_to=http%3A%2F%2Fjurispage.com&reauth=1,"Asset, legacy CMS endpoint or non-content URL; no verified like-for-like replacement",,2,2
http://jurispage.com/wp-signup.php?new=cabassolaw,"Asset, legacy CMS endpoint or non-content URL; no verified like-for-like replacement",,2,2
http://jurispage.com/wp-signup.php?new=coopersmithandcoopersmith,"Asset, legacy CMS endpoint or non-content URL; no verified like-for-like replacement",,8,8
http://jurispage.com/wp-signup.php?new=dunnlawpa.com,"Asset, legacy CMS endpoint or non-content URL; no verified like-for-like replacement",,2,2
http://jurispage.com/wp-signup.php?new=gelberattorneys,"Asset, legacy CMS endpoint or non-content URL; no verified like-for-like replacement",,1,1
http://jurispage.com/wp-signup.php?new=haddenlaw,"Asset, legacy CMS endpoint or non-content URL; no verified like-for-like replacement",,3,3
http://jurispage.com/wp-signup.php?new=heaneydisabilitylaw,"Asset, legacy CMS endpoint or non-content URL; no verified like-for-like replacement",,4,4
http://jurispage.com/wp-signup.php?new=huebner,"Asset, legacy CMS endpoint or non-content URL; no verified like-for-like replacement",,5,5
http://jurispage.com/wp-signup.php?new=kellerlaw,"Asset, legacy CMS endpoint or non-content URL; no verified like-for-like replacement",,15,15
http://jurispage.com/wp-signup.php?new=khosrova,"Asset, legacy CMS endpoint or non-content URL; no verified like-for-like replacement",,1,1
http://jurispage.com/wp-signup.php?new=kingwood,"Asset, legacy CMS endpoint or non-content URL; no verified like-for-like replacement",,32,32
http://jurispage.com/wp-signup.php?new=princelaw,"Asset, legacy CMS endpoint or non-content URL; no verified like-for-like replacement",,40,40
http://jurispage.com/wp-signup.php?new=prlaberks.com,"Asset, legacy CMS endpoint or non-content URL; no verified like-for-like replacement",,1,1
http://jurispage.com/wp-signup.php?new=riceandrice,"Asset, legacy CMS endpoint or non-content URL; no verified like-for-like replacement",,1,1
http://jurispage.com/wp-signup.php?new=ronaldroth,"Asset, legacy CMS endpoint or non-content URL; no verified like-for-like replacement",,4,4
http://jurispage.com/wp-signup.php?new=sotomayor,"Asset, legacy CMS endpoint or non-content URL; no verified like-for-like replacement",,13,13
http://jurispage.com/wp-signup.php?new=stephenhealy,"Asset, legacy CMS endpoint or non-content URL; no verified like-for-like replacement",,8,8
http://jurispage.com/wp-signup.php?new=www.fflattorneys.com,"Asset, legacy CMS endpoint or non-content URL; no verified like-for-like replacement",,2,2
http://jurispage.com/wp-signup.php?new=www.pafirearmslawyer.com,"Asset, legacy CMS endpoint or non-content URL; no verified like-for-like replacement",,2,2
http://abizlaw.jurispage.com/larry-gregg/,Client subdomain; preserve separate site and ownership,,1,1
http://addyson.jurispage.com/author/addysondimka/,Client subdomain; preserve separate site and ownership,,1,1
http://addyson.jurispage.com/pictures/,Client subdomain; preserve separate site and ownership,,1,1
http://antich.jurispage.com/,Client subdomain; preserve separate site and ownership,,11,11
http://antich.jurispage.com/about-us/,Client subdomain; preserve separate site and ownership,,11,11
http://antich.jurispage.com/attorneys/federico-antich/,Client subdomain; preserve separate site and ownership,,11,11
http://antich.jurispage.com/certified-translation/,Client subdomain; preserve separate site and ownership,,11,11
http://antich.jurispage.com/contact/,Client subdomain; preserve separate site and ownership,,11,11
http://antich.jurispage.com/insights/,Client subdomain; preserve separate site and ownership,,11,11
http://antich.jurispage.com/international-business-mediation/,Client subdomain; preserve separate site and ownership,,11,11
http://antich.jurispage.com/legal-assistance/,Client subdomain; preserve separate site and ownership,,11,11
http://antich.jurispage.com/legal-representation/,Client subdomain; preserve separate site and ownership,,11,11
http://antich.jurispage.com/testimonials/,Client subdomain; preserve separate site and ownership,,11,11
https://austin.jurispage.com/,Client subdomain; preserve separate site and ownership,,1,0
http://avvocato.jurispage.com/2017/09/07/article-one/,Client subdomain; preserve separate site and ownership,,1,0
http://avvocato.jurispage.com/attorneys/federico-antich/,Client subdomain; preserve separate site and ownership,,1,0
http://avvocato.jurispage.com/category/news/,Client subdomain; preserve separate site and ownership,,1,0
http://avvocato.jurispage.com/insights/,Client subdomain; preserve separate site and ownership,,1,0
http://avvocato.jurispage.com/wp-content/uploads/sites/1275/2020/06/Notes-1.jpeg,Client subdomain; preserve separate site and ownership,,1,0
http://avvocato.jurispage.com/wp-content/uploads/sites/1275/2020/06/Notes-2.jpeg,Client subdomain; preserve separate site and ownership,,1,0
http://avvocato.jurispage.com/wp-content/uploads/sites/1275/2020/07/Coat-of-Arms.jpeg,Client subdomain; preserve separate site and ownership,,1,1
http://avvocato.jurispage.com/wp-content/uploads/sites/1275/2020/07/Law-Firm-Entrance.jpeg,Client subdomain; preserve separate site and ownership,,1,1
http://avvocato.jurispage.com/wp-content/uploads/sites/1275/2020/07/Writ-of-summons.jpeg,Client subdomain; preserve separate site and ownership,,1,1
http://avvocato.jurispage.com/wp-content/uploads/sites/1275/2020/08/Federico-Antich-training-and-speeches-2.pdf,Client subdomain; preserve separate site and ownership,,1,1
http://avvocato.jurispage.com/wp-content/uploads/sites/1275/2020/08/Office-Desk.jpeg,Client subdomain; preserve separate site and ownership,,1,1
http://bardleymcknight.jurispage.com/alimony/,Client subdomain; preserve separate site and ownership,,24,24
http://bardleymcknight.jurispage.com/brittany-nicole-young/,Client subdomain; preserve separate site and ownership,,24,24
http://bardleymcknight.jurispage.com/child-custody/,Client subdomain; preserve separate site and ownership,,24,24
http://bardleymcknight.jurispage.com/child-support/,Client subdomain; preserve separate site and ownership,,24,24
http://bardleymcknight.jurispage.com/contact-us/,Client subdomain; preserve separate site and ownership,,24,24
http://bardleymcknight.jurispage.com/divorce/,Client subdomain; preserve separate site and ownership,,24,24
http://bardleymcknight.jurispage.com/equitable-division-of-marital-assets/,Client subdomain; preserve separate site and ownership,,24,24
http://bardleymcknight.jurispage.com/grandparents-rights/,Client subdomain; preserve separate site and ownership,,24,24
http://bardleymcknight.jurispage.com/legitimation/,Client subdomain; preserve separate site and ownership,,24,24
http://bardleymcknight.jurispage.com/melaniece-bardley-mcknight/,Client subdomain; preserve separate site and ownership,,24,24
http://bardleymcknight.jurispage.com/modifications-of-custody/,Client subdomain; preserve separate site and ownership,,24,24
http://bardleymcknight.jurispage.com/our-firm/,Client subdomain; preserve separate site and ownership,,24,24
http://bardleymcknight.jurispage.com/our-team/,Client subdomain; preserve separate site and ownership,,24,24
http://bardleymcknight.jurispage.com/practice-areas/,Client subdomain; preserve separate site and ownership,,24,24
http://bardleymcknight.jurispage.com/prenuptial-agreements/,Client subdomain; preserve separate site and ownership,,24,24
http://bardleymcknight.jurispage.com/reviews/,Client subdomain; preserve separate site and ownership,,24,24
http://bardleymcknight.jurispage.com/tori-starks/,Client subdomain; preserve separate site and ownership,,24,24
http://bardleymcknight.jurispage.com/wills/,Client subdomain; preserve separate site and ownership,,24,24
http://bbnebout.jurispage.com/about-us/,Client subdomain; preserve separate site and ownership,,6,6
http://bbnebout.jurispage.com/about-us/james-d-nebout/,Client subdomain; preserve separate site and ownership,,6,6
http://bbnebout.jurispage.com/about-us/russell-g-burwell-iii/,Client subdomain; preserve separate site and ownership,,6,6
http://bbnebout.jurispage.com/about-us/theresa-a-lynn/,Client subdomain; preserve separate site and ownership,,6,6
http://bbnebout.jurispage.com/blog/,Client subdomain; preserve separate site and ownership,,6,6
http://bbnebout.jurispage.com/contact/,Client subdomain; preserve separate site and ownership,,6,6
http://bbnebout.jurispage.com/faqs/,Client subdomain; preserve separate site and ownership,,6,6
http://bbnebout.jurispage.com/fela-railroad-accidents/,Client subdomain; preserve separate site and ownership,,6,6
http://bbnebout.jurispage.com/jones-act-and-merchant-maritime-law/,Client subdomain; preserve separate site and ownership,,6,6
http://bbnebout.jurispage.com/legal-victories/,Client subdomain; preserve separate site and ownership,,6,6
http://bbnebout.jurispage.com/motor-vehicle-accidents/,Client subdomain; preserve separate site and ownership,,6,6
http://bbnebout.jurispage.com/other-practice-areas/mesothelioma-claims/,Client subdomain; preserve separate site and ownership,,6,6
http://bbnebout.jurispage.com/other-practice-areas/union-representation/,Client subdomain; preserve separate site and ownership,,6,6
http://bbnebout.jurispage.com/other-practice-areas/wrongful-death/,Client subdomain; preserve separate site and ownership,,6,6
http://bbnebout.jurispage.com/press-publications/,Client subdomain; preserve separate site and ownership,,6,6
http://bbnebout.jurispage.com/products-liability/,Client subdomain; preserve separate site and ownership,,6,6
http://bbnebout.jurispage.com/refinery-plant-explosions/,Client subdomain; preserve separate site and ownership,,6,6
http://bbnebout.jurispage.com/testimonials/,Client subdomain; preserve separate site and ownership,,6,6
http://benkoff-staging.jurispage.com/about-us/,Client subdomain; preserve separate site and ownership,,14,14
http://benkoff-staging.jurispage.com/blog-articles/,Client subdomain; preserve separate site and ownership,,12,12
http://benkoff-staging.jurispage.com/contact-us/,Client subdomain; preserve separate site and ownership,,12,12
http://benkoff-staging.jurispage.com/practice-areas/,Client subdomain; preserve separate site and ownership,,12,12
http://benkoff-staging.jurispage.com/practice-areas/ekra/,Client subdomain; preserve separate site and ownership,,12,12
http://benkoff-staging.jurispage.com/practice-areas/federal-and-state-anti-kickback-and-inducement-laws/,Client subdomain; preserve separate site and ownership,,12,12
http://benkoff-staging.jurispage.com/practice-areas/health-care-corporate-law/,Client subdomain; preserve separate site and ownership,,12,12
http://benkoff-staging.jurispage.com/practice-areas/health-care-transactions-and-agreements/,Client subdomain; preserve separate site and ownership,,12,12
http://benkoff-staging.jurispage.com/practice-areas/stark-and-self-referral-laws/,Client subdomain; preserve separate site and ownership,,12,12
http://benkoff-staging.jurispage.com/providers/,Client subdomain; preserve separate site and ownership,,12,12
http://cabassolaw.jurispage.com/cybersquatting/,Client subdomain; preserve separate site and ownership,,8,8
http://cabassolaw.jurispage.com/cybersquatting/typosquatting/,Client subdomain; preserve separate site and ownership,,4,4
http://cabassolaw.jurispage.com/cybersquatting/what-is-cybersquatting/,Client subdomain; preserve separate site and ownership,,2,2
http://cabassolaw.jurispage.com/e-commerce/,Client subdomain; preserve separate site and ownership,,4,4
http://cabassolaw.jurispage.com/internet-copyright-registration-infringement/,Client subdomain; preserve separate site and ownership,,4,4
http://cabassolaw.jurispage.com/internet-defamation-and-free-speech/,Client subdomain; preserve separate site and ownership,,4,4
http://cabassolaw.jurispage.com/internet-litigation/,Client subdomain; preserve separate site and ownership,,4,4
https://chausowshafercom.jurispage.com/,Client subdomain; preserve separate site and ownership,,1,1
http://chausowshafercom.jurispage.com/contact/,Client subdomain; preserve separate site and ownership,,1,1
http://constructionlaw.jurispage.com/wp-content/uploads/sites/69/2010/02/milleractchart.png,Client subdomain; preserve separate site and ownership,,2,2
http://constructionlaw.jurispage.com/wp-content/uploads/sites/69/2011/03/Alicia-Lagarde-Pic-resize-2.jpg,Client subdomain; preserve separate site and ownership,,1,1
http://constructionlaw.jurispage.com/wp-content/uploads/sites/69/2012/05/dep_5541753-Arbitration-Word-and-Gavel-for-Settlement-or-Decision.jpg,Client subdomain; preserve separate site and ownership,,1,1
http://constructionlawmonitor.jurispage.com/2007/06/24/the-lien-maze-for-louisiana-general-contractors/,Client subdomain; preserve separate site and ownership,,1,1
http://constructionlawmonitor.jurispage.com/2007/08/14/are-no-liens-clauses-valid-louisiana-says-no/,Client subdomain; preserve separate site and ownership,,1,1
http://coopersmithandcoopersmith.jurispage.com/attorney-advertising/,Client subdomain; preserve separate site and ownership,,16,16
http://coopersmithandcoopersmith.jurispage.com/disclaimer/,Client subdomain; preserve separate site and ownership,,16,16
http://danielleahy.jurispage.com/disclaimer/,Client subdomain; preserve separate site and ownership,,28,28
http://danielleahy.jurispage.com/privacy-policy/,Client subdomain; preserve separate site and ownership,,28,28
http://demo.jurispage.com/blog/,Client subdomain; preserve separate site and ownership,,1,1
http://demo.jurispage.com/john-collins/,Client subdomain; preserve separate site and ownership,,1,1
https://devlawold.jurispage.com/denise-g-goldstein/,Client subdomain; preserve separate site and ownership,,1,1
https://devlawold.jurispage.com/employment-law/,Client subdomain; preserve separate site and ownership,,1,1
https://devlawold.jurispage.com/julie-m-tran/,Client subdomain; preserve separate site and ownership,,1,1
https://devlawold.jurispage.com/thomas-j-enright/,Client subdomain; preserve separate site and ownership,,1,1
https://devlawold.jurispage.com/wage-theft-and-overtime/,Client subdomain; preserve separate site and ownership,,1,1
https://devlawold.jurispage.com/workers-compensation/,Client subdomain; preserve separate site and ownership,,1,1
http://emseid.jurispage.com/about-us/,Client subdomain; preserve separate site and ownership,,21,21
http://emseid.jurispage.com/contact/,Client subdomain; preserve separate site and ownership,,21,21
http://emseid.jurispage.com/elaine-m-seid/,Client subdomain; preserve separate site and ownership,,21,21
http://emseid.jurispage.com/estate-planning/,Client subdomain; preserve separate site and ownership,,21,21
http://emseid.jurispage.com/nonprofits-community-contacts/,Client subdomain; preserve separate site and ownership,,21,21
http://emseid.jurispage.com/practice-areas/,Client subdomain; preserve separate site and ownership,,21,21
http://emseid.jurispage.com/probate/,Client subdomain; preserve separate site and ownership,,21,21
http://emseid.jurispage.com/trust-administration/,Client subdomain; preserve separate site and ownership,,21,21
http://experiencedlawjurispagecom.jurispage.com/,Client subdomain; preserve separate site and ownership,,7,7
http://experiencedlawjurispagecom.jurispage.com/child-support/,Client subdomain; preserve separate site and ownership,,7,7
http://experiencedlawjurispagecom.jurispage.com/contact/,Client subdomain; preserve separate site and ownership,,7,7
http://experiencedlawjurispagecom.jurispage.com/criminal-law/,Client subdomain; preserve separate site and ownership,,7,7
http://experiencedlawjurispagecom.jurispage.com/custody-visitation/,Client subdomain; preserve separate site and ownership,,7,7
http://experiencedlawjurispagecom.jurispage.com/daniel-h-guttmann/,Client subdomain; preserve separate site and ownership,,7,7
http://experiencedlawjurispagecom.jurispage.com/divorce/,Client subdomain; preserve separate site and ownership,,7,7
http://experiencedlawjurispagecom.jurispage.com/domestic-violence/,Client subdomain; preserve separate site and ownership,,7,7
http://experiencedlawjurispagecom.jurispage.com/drug-charge-crimes/,Client subdomain; preserve separate site and ownership,,7,7
http://experiencedlawjurispagecom.jurispage.com/dwidui/,Client subdomain; preserve separate site and ownership,,7,7
http://experiencedlawjurispagecom.jurispage.com/family-law/,Client subdomain; preserve separate site and ownership,,7,7
http://experiencedlawjurispagecom.jurispage.com/herbert-s-kellner/,Client subdomain; preserve separate site and ownership,,7,7
http://experiencedlawjurispagecom.jurispage.com/homicides-assaults/,Client subdomain; preserve separate site and ownership,,7,7
http://experiencedlawjurispagecom.jurispage.com/personal-injuryaccidents/,Client subdomain; preserve separate site and ownership,,7,7
http://experiencedlawjurispagecom.jurispage.com/real-esate/,Client subdomain; preserve separate site and ownership,,7,7
http://experiencedlawjurispagecom.jurispage.com/sex-crimes/,Client subdomain; preserve separate site and ownership,,7,7
http://experiencedlawjurispagecom.jurispage.com/social-security-disability/,Client subdomain; preserve separate site and ownership,,7,7
http://experiencedlawjurispagecom.jurispage.com/spousal-support/,Client subdomain; preserve separate site and ownership,,7,7
http://experiencedlawjurispagecom.jurispage.com/traffic-ticket-defense/,Client subdomain; preserve separate site and ownership,,7,7
http://gelberattorneys.jurispage.com/disclaimer/,Client subdomain; preserve separate site and ownership,,1,1
http://gelberattorneys.jurispage.com/site-map/,Client subdomain; preserve separate site and ownership,,1,1
http://haddenlaw.jurispage.com/elder-nursing-home-abuse/,Client subdomain; preserve separate site and ownership,,2,2
http://haddenlaw.jurispage.com/faq/,Client subdomain; preserve separate site and ownership,,1,1
http://haddenlaw.jurispage.com/personal-injury-negligence/,Client subdomain; preserve separate site and ownership,,1,1
http://haddenlaw.jurispage.com/securities-investment-fraud/,Client subdomain; preserve separate site and ownership,,1,1
http://heaneydisabilitylaw.jurispage.com/about/,Client subdomain; preserve separate site and ownership,,6,6
http://huebner.jurispage.com/2015/08/21/senior-americans-burdened-with-student-debt/,Client subdomain; preserve separate site and ownership,,1,1
http://huebner.jurispage.com/assistance-with-repossession/,Client subdomain; preserve separate site and ownership,,1,1
http://huebner.jurispage.com/avoid-foreclosure/,Client subdomain; preserve separate site and ownership,,1,1
http://huebner.jurispage.com/can-bankruptcy-help-with-pay-day-loans/,Client subdomain; preserve separate site and ownership,,1,1
http://huebner.jurispage.com/chapter-13-bankruptcy/,Client subdomain; preserve separate site and ownership,,1,1
http://huebner.jurispage.com/chapter-7-bankruptcy/,Client subdomain; preserve separate site and ownership,,2,2
http://huebner.jurispage.com/court-ordered-child-support-reestablish-a-payment-plan/,Client subdomain; preserve separate site and ownership,,1,1
http://huebner.jurispage.com/help-with-past-due-taxes/,Client subdomain; preserve separate site and ownership,,1,1
http://huebner.jurispage.com/help-you-fight-lawsuits/,Client subdomain; preserve separate site and ownership,,1,1
http://huebner.jurispage.com/stop-creditor-harassment/,Client subdomain; preserve separate site and ownership,,2,2
http://huebner.jurispage.com/stop-wage-garnishments/,Client subdomain; preserve separate site and ownership,,1,1
http://huebner.jurispage.com/the-top-myths-about-bankruptcy/,Client subdomain; preserve separate site and ownership,,2,2
http://huebner.jurispage.com/timelines-for-chapter-7-and-chapter-13-bankruptcy/,Client subdomain; preserve separate site and ownership,,1,1
http://huebner.jurispage.com/your-credit-score/,Client subdomain; preserve separate site and ownership,,1,1
http://johnsonandwilliams.jurispage.com/car-accidents-2/,Client subdomain; preserve separate site and ownership,,3,3
http://johnsonandwilliams.jurispage.com/contact/,Client subdomain; preserve separate site and ownership,,46,46
http://johnsonandwilliams.jurispage.com/motorcycle-accident/,Client subdomain; preserve separate site and ownership,,3,3
http://johnsonandwilliams.jurispage.com/personal-injury/,Client subdomain; preserve separate site and ownership,,2,2
http://johnsonandwilliams.jurispage.com/truck-accident/,Client subdomain; preserve separate site and ownership,,3,3
http://jprebrand.jurispage.com/,Client subdomain; preserve separate site and ownership,,1,1
http://jrogerwoodlaw.jurispage.com/wp-content/uploads/sites/142/2010/03/loud.png,Client subdomain; preserve separate site and ownership,,1,1
http://jrogerwoodlaw.jurispage.com/wp-content/uploads/sites/142/2011/10/baboon-jaws.jpg,Client subdomain; preserve separate site and ownership,,1,1
http://jrogerwoodlaw.jurispage.com/wp-content/uploads/sites/142/2011/11/greedcircle.png,Client subdomain; preserve separate site and ownership,,1,1
http://jrogerwoodlaw.jurispage.com/wp-content/uploads/sites/142/2011/11/occupyhoabanner.png,Client subdomain; preserve separate site and ownership,,1,1
http://jrogerwoodlaw.jurispage.com/wp-content/uploads/sites/142/2011/11/samp38aaa4bc7b1a148a.gif,Client subdomain; preserve separate site and ownership,,1,1
http://jrogerwoodlaw.jurispage.com/wp-content/uploads/sites/142/2011/11/triangle.png,Client subdomain; preserve separate site and ownership,,1,1
http://jrogerwoodlaw.jurispage.com/wp-content/uploads/sites/142/2011/11/truthconseq1.gif,Client subdomain; preserve separate site and ownership,,1,1
http://jrogerwoodlaw.jurispage.com/wp-content/uploads/sites/142/2011/11/wolf_sheep1.png,Client subdomain; preserve separate site and ownership,,1,1
http://jrogerwoodlaw.jurispage.com/wp-content/uploads/sites/142/2011/12/Blue-Block-Heart-Textured_1.png,Client subdomain; preserve separate site and ownership,,1,1
http://jrogerwoodlaw.jurispage.com/wp-content/uploads/sites/142/2011/12/Freakflag.gif,Client subdomain; preserve separate site and ownership,,1,1
http://jrogerwoodlaw.jurispage.com/wp-content/uploads/sites/142/2012/01/Legislation.gif,Client subdomain; preserve separate site and ownership,,2,2
http://jrogerwoodlaw.jurispage.com/wp-content/uploads/sites/142/2012/01/hb2290p.pdf,Client subdomain; preserve separate site and ownership,,1,1
http://jrogerwoodlaw.jurispage.com/wp-content/uploads/sites/142/2012/03/TP-Bill.png,Client subdomain; preserve separate site and ownership,,1,1
http://jrogerwoodlaw.jurispage.com/wp-content/uploads/sites/142/2012/04/banner-for-savings.gif,Client subdomain; preserve separate site and ownership,,1,1
http://jrogerwoodlaw.jurispage.com/wp-content/uploads/sites/142/2012/05/Bully-Letter_Page_11.jpg,Client subdomain; preserve separate site and ownership,,1,1
http://jrogerwoodlaw.jurispage.com/wp-content/uploads/sites/142/2012/05/Harrassment2.png,Client subdomain; preserve separate site and ownership,,1,1
http://jrogerwoodlaw.jurispage.com/wp-content/uploads/sites/142/2013/02/P1100546.jpg,Client subdomain; preserve separate site and ownership,,1,1
http://jrogerwoodlaw.jurispage.com/wp-content/uploads/sites/142/2014/02/Dirt.jpg,Client subdomain; preserve separate site and ownership,,1,1
http://jurispage.jurispage.com/2015/weekly-edge/weekly-edge-27-google-for-lawyers/,Client subdomain; preserve separate site and ownership,,2,1
http://jurispage.jurispage.com/2015/weekly-edge/weekly-edge-29-legal-industry-trends-you-need-to-know-for-2016/,Client subdomain; preserve separate site and ownership,,2,2
http://jurispage.jurispage.com/2016/weekly-edge/how-to-present-a-cle/,Client subdomain; preserve separate site and ownership,,2,2
http://jurispage.jurispage.com/2016/weekly-edge/lawyer-technology-competence/,Client subdomain; preserve separate site and ownership,,2,2
http://kellerlaw.jurispage.com/disclaimer/,Client subdomain; preserve separate site and ownership,,32,32
http://khosrova.jurispage.com/real-estate/,Client subdomain; preserve separate site and ownership,,2,2
http://kingwood.jurispage.com/kingwood-petition-for-non-disclosure-of-criminal-records-attorney/,Client subdomain; preserve separate site and ownership,,60,60
http://kingwood.jurispage.com/kingwood-texas-criminal-defense-attorney/,Client subdomain; preserve separate site and ownership,,60,60
http://kingwood.jurispage.com/privacy-policy/,Client subdomain; preserve separate site and ownership,,221,221
http://kingwood.jurispage.com/sealing-a-criminal-record-in-texas/,Client subdomain; preserve separate site and ownership,,60,60
http://kingwood.jurispage.com/steps-to-take-after-an-arrest/,Client subdomain; preserve separate site and ownership,,60,60
http://kkmt.jurispage.com/about-us/,Client subdomain; preserve separate site and ownership,,26,26
http://kkmt.jurispage.com/announcements/,Client subdomain; preserve separate site and ownership,,26,26
http://kkmt.jurispage.com/brian-t-campion/,Client subdomain; preserve separate site and ownership,,26,26
http://kkmt.jurispage.com/civil-and-general-equity/,Client subdomain; preserve separate site and ownership,,26,26
http://kkmt.jurispage.com/commercial-and-residential-real-estate/,Client subdomain; preserve separate site and ownership,,26,26
http://kkmt.jurispage.com/corporate-commercial-and-business/,Client subdomain; preserve separate site and ownership,,26,26
http://kkmt.jurispage.com/employment-law/,Client subdomain; preserve separate site and ownership,,26,26
http://kkmt.jurispage.com/family-law-litigation-and-mediation/,Client subdomain; preserve separate site and ownership,,26,26
http://kkmt.jurispage.com/general-practice-matters/,Client subdomain; preserve separate site and ownership,,26,26
http://kkmt.jurispage.com/jason-c-tuchman/,Client subdomain; preserve separate site and ownership,,26,26
http://kkmt.jurispage.com/kevin-p-kelly/,Client subdomain; preserve separate site and ownership,,26,26
http://kkmt.jurispage.com/mark-p-marotta/,Client subdomain; preserve separate site and ownership,,26,26
http://kkmt.jurispage.com/news/,Client subdomain; preserve separate site and ownership,,26,26
http://kkmt.jurispage.com/philip-c-semprevivo-jr/,Client subdomain; preserve separate site and ownership,,26,26
http://kkmt.jurispage.com/probate-estate-and-tax-planning-and-elder-law/,Client subdomain; preserve separate site and ownership,,26,26
http://kkmt.jurispage.com/suzanne-j-frankland/,Client subdomain; preserve separate site and ownership,,26,26
http://kkmt.jurispage.com/testimonials/,Client subdomain; preserve separate site and ownership,,26,26
http://kkmt.jurispage.com/zoning-and-land-use/,Client subdomain; preserve separate site and ownership,,26,26
http://lakelaw.jurispage.com/about/,Client subdomain; preserve separate site and ownership,,46,46
http://lakelaw.jurispage.com/blog/,Client subdomain; preserve separate site and ownership,,46,46
http://lakelaw.jurispage.com/business-bankruptcy/,Client subdomain; preserve separate site and ownership,,46,46
http://lakelaw.jurispage.com/business-bankruptcy/big-bankruptcy-cases/,Client subdomain; preserve separate site and ownership,,46,46
http://lakelaw.jurispage.com/business-bankruptcy/chapter-11-reorganization/,Client subdomain; preserve separate site and ownership,,46,46
http://lakelaw.jurispage.com/business-bankruptcy/illinois-assignment-benefit-creditors/,Client subdomain; preserve separate site and ownership,,46,46
http://lakelaw.jurispage.com/commercial-litigation/,Client subdomain; preserve separate site and ownership,,46,46
http://lakelaw.jurispage.com/commercial-transactions/,Client subdomain; preserve separate site and ownership,,46,46
http://lakelaw.jurispage.com/condominium-association-administration-litigation/,Client subdomain; preserve separate site and ownership,,46,46
http://lakelaw.jurispage.com/contact/,Client subdomain; preserve separate site and ownership,,46,46
http://lakelaw.jurispage.com/corporate-business-governance/,Client subdomain; preserve separate site and ownership,,46,46
http://lakelaw.jurispage.com/mortgage-foreclosures-loan-modifications/,Client subdomain; preserve separate site and ownership,,46,46
http://lakelaw.jurispage.com/our-team/,Client subdomain; preserve separate site and ownership,,46,46
http://lakelaw.jurispage.com/personal-bankruptcy/,Client subdomain; preserve separate site and ownership,,46,46
http://lakelaw.jurispage.com/personal-bankruptcy/4-step-process-to-financial-freedom/,Client subdomain; preserve separate site and ownership,,46,46
http://lakelaw.jurispage.com/personal-bankruptcy/bankruptcy-divorce/,Client subdomain; preserve separate site and ownership,,46,46
http://lakelaw.jurispage.com/personal-bankruptcy/bankruptcy-litigation/,Client subdomain; preserve separate site and ownership,,46,46
http://lakelaw.jurispage.com/personal-bankruptcy/bankruptcy-resources/,Client subdomain; preserve separate site and ownership,,46,46
http://lakelaw.jurispage.com/personal-bankruptcy/bankruptcy-resources/illinois-bankruptcy-resources/,Client subdomain; preserve separate site and ownership,,46,46
http://lakelaw.jurispage.com/personal-bankruptcy/chapter-11-individuals/,Client subdomain; preserve separate site and ownership,,46,46
http://lakelaw.jurispage.com/personal-bankruptcy/chapter-13/,Client subdomain; preserve separate site and ownership,,46,46
http://lakelaw.jurispage.com/personal-bankruptcy/chapter-7/,Client subdomain; preserve separate site and ownership,,46,46
http://lakelaw.jurispage.com/personal-bankruptcy/involuntary-bankruptcy/,Client subdomain; preserve separate site and ownership,,46,46
http://lakelaw.jurispage.com/personal-bankruptcy/planning-bankruptcy/,Client subdomain; preserve separate site and ownership,,46,46
http://lakelaw.jurispage.com/personal-bankruptcy/protecting-assets/,Client subdomain; preserve separate site and ownership,,46,46
http://lakelaw.jurispage.com/personal-bankruptcy/small-business-bankruptcy/,Client subdomain; preserve separate site and ownership,,46,46
http://lakelaw.jurispage.com/practice-areas/,Client subdomain; preserve separate site and ownership,,46,46
http://lakelaw.jurispage.com/real-estate-commercial-investment/,Client subdomain; preserve separate site and ownership,,46,46
http://lawlauncher.jurispage.com/?__hstc=237731551.775be848142f1f31afc6875ae76bad67.1480602175462.1483133255172.1483370400664.102&__hssc=237731551.32.1483370400664&__hsfp=354030839,Client subdomain; preserve separate site and ownership,,1,1
https://lawlauncher.jurispage.com/?__hstc=237731551.775be848142f1f31afc6875ae76bad67.1480602175462.1483133255172.1483370400664.102&__hssc=237731551.32.1483370400664&__hsfp=354030839,Client subdomain; preserve separate site and ownership,,1,1
http://lawlauncher.jurispage.com/?__hstc=237731551.775be848142f1f31afc6875ae76bad67.1480602175462.1483133255172.1483370400664.102&__hssc=237731551.32.1483370400664&__hsfp=354030839&disabled_message=y,Client subdomain; preserve separate site and ownership,,1,1
https://lawlauncher.jurispage.com/?__hstc=237731551.775be848142f1f31afc6875ae76bad67.1480602175462.1483133255172.1483370400664.102&__hssc=237731551.32.1483370400664&__hsfp=354030839&disabled_message=y,Client subdomain; preserve separate site and ownership,,1,1
http://lawlauncher.jurispage.com/?disabled_message=y,Client subdomain; preserve separate site and ownership,,2,2
https://lawlauncher.jurispage.com/lifetime-membership/,Client subdomain; preserve separate site and ownership,,1,1
http://lewisristvey.jurispage.com/,Client subdomain; preserve separate site and ownership,,2,2
http://mathislawprecision.jurispage.com/,Client subdomain; preserve separate site and ownership,,1,1
http://mathislawprecision.jurispage.com/homepage-alternate/,Client subdomain; preserve separate site and ownership,,1,1
https://mcgivneyklugercook5.jurispage.com/2014/02/18/pennsylvania-appellate-court-decision-bolsters-need-for-well-founded-evidence-to-defeat-summary-judgment/,Client subdomain; preserve separate site and ownership,,1,1
https://mcgivneyklugercook5.jurispage.com/2018/06/28/new-case-law-indicates-schools-could-be-held-liable-for-student-suicides-in-massachusetts/,Client subdomain; preserve separate site and ownership,,1,1
https://mcgivneyklugercook5.jurispage.com/2019/01/08/new-jersey-appellate-court-remands-case-due-to-defense-counsel-remarks/,Client subdomain; preserve separate site and ownership,,1,1
https://mcgivneyklugercook5.jurispage.com/attorneys/,Client subdomain; preserve separate site and ownership,,1,1
http://mcgivneyklugercook5.jurispage.com/images/channels/Jason_E._Pepe.vcf,Client subdomain; preserve separate site and ownership,,1,1
http://mcgivneyklugercook5.jurispage.com/industry_news/P5,Client subdomain; preserve separate site and ownership,,1,1
https://mcgivneyklugercook5.jurispage.com/mcgivney-kluger-home/,Client subdomain; preserve separate site and ownership,,1,1
https://mcgivneyklugercook5.jurispage.com/people/kyle-c-reeves/,Client subdomain; preserve separate site and ownership,,1,1
https://mcgivneyklugercook5.jurispage.com/people/michael-debenedetto/,Client subdomain; preserve separate site and ownership,,1,1
http://meadorjohnsonlaw.jurispage.com/2018/02/06/bitcoin-important-part-estate-plan-many/,Client subdomain; preserve separate site and ownership,,1,1
http://michaeldoolittle.jurispage.com/contact-us/,Client subdomain; preserve separate site and ownership,,9,9
http://michaeldoolittle.jurispage.com/criminal-defense/,Client subdomain; preserve separate site and ownership,,9,9
http://michaeldoolittle.jurispage.com/estates-and-probate/,Client subdomain; preserve separate site and ownership,,9,9
http://michaeldoolittle.jurispage.com/family-law/,Client subdomain; preserve separate site and ownership,,9,9
http://michaeldoolittle.jurispage.com/guardianships/,Client subdomain; preserve separate site and ownership,,9,9
http://michaeldoolittle.jurispage.com/jesse-alvarez/,Client subdomain; preserve separate site and ownership,,9,9
http://michaeldoolittle.jurispage.com/juvenile-defense/,Client subdomain; preserve separate site and ownership,,9,9
http://michaeldoolittle.jurispage.com/limited-scope-representation/,Client subdomain; preserve separate site and ownership,,9,9
http://michaeldoolittle.jurispage.com/mediation/,Client subdomain; preserve separate site and ownership,,9,9
http://michaeldoolittle.jurispage.com/michael-j-doolittle/,Client subdomain; preserve separate site and ownership,,9,9
http://michaeldoolittle.jurispage.com/our-firm/,Client subdomain; preserve separate site and ownership,,9,9
https://mnwpllc.jurispage.com/,Client subdomain; preserve separate site and ownership,,2,2
http://morellilaw.jurispage.com/contact-us/,Client subdomain; preserve separate site and ownership,,6,6
http://patriotlaw.jurispage.com/contact/,Client subdomain; preserve separate site and ownership,,35,35
http://patriotlaw.jurispage.com/criminal-law/,Client subdomain; preserve separate site and ownership,,35,35
http://patriotlaw.jurispage.com/divorce/,Client subdomain; preserve separate site and ownership,,35,35
http://patriotlaw.jurispage.com/family-law/,Client subdomain; preserve separate site and ownership,,35,35
http://patriotlaw.jurispage.com/native-american-law/,Client subdomain; preserve separate site and ownership,,35,35
http://patriotlaw.jurispage.com/news/,Client subdomain; preserve separate site and ownership,,35,35
http://patriotlaw.jurispage.com/practice-areas/,Client subdomain; preserve separate site and ownership,,35,35
http://patriotlaw.jurispage.com/rj-harris-esq/,Client subdomain; preserve separate site and ownership,,35,35
http://patriotlaw.jurispage.com/testimonials/,Client subdomain; preserve separate site and ownership,,35,35
http://princelaw.jurispage.com/firearms-explosives-consultants/,Client subdomain; preserve separate site and ownership,,136,136
http://princelaw.jurispage.com/wp-content/uploads/sites/217/2015/02/selfDefenseLogos.jpg,Client subdomain; preserve separate site and ownership,,2,2
http://ranckschwartz.jurispage.com/administrative-law/,Client subdomain; preserve separate site and ownership,,28,28
http://ranckschwartz.jurispage.com/alternative-dispute-resolution/,Client subdomain; preserve separate site and ownership,,28,28
http://ranckschwartz.jurispage.com/appellate-advocacy/,Client subdomain; preserve separate site and ownership,,28,28
http://ranckschwartz.jurispage.com/attorneys/,Client subdomain; preserve separate site and ownership,,28,28
http://ranckschwartz.jurispage.com/civil-litigation/,Client subdomain; preserve separate site and ownership,,28,28
http://ranckschwartz.jurispage.com/contact/,Client subdomain; preserve separate site and ownership,,28,28
http://ranckschwartz.jurispage.com/leah-c-schwartz/,Client subdomain; preserve separate site and ownership,,28,28
http://ranckschwartz.jurispage.com/local-counsel/,Client subdomain; preserve separate site and ownership,,28,28
http://ranckschwartz.jurispage.com/news/,Client subdomain; preserve separate site and ownership,,28,28
http://ranckschwartz.jurispage.com/our-legacy/,Client subdomain; preserve separate site and ownership,,28,28
http://ranckschwartz.jurispage.com/our-mission/,Client subdomain; preserve separate site and ownership,,28,28
http://ranckschwartz.jurispage.com/practice-areas/,Client subdomain; preserve separate site and ownership,,28,28
http://ranckschwartz.jurispage.com/testimonials/,Client subdomain; preserve separate site and ownership,,28,28
http://ranckschwartz.jurispage.com/william-p-schwartz/,Client subdomain; preserve separate site and ownership,,28,28
http://riceandrice.jurispage.com/living-trusts-and-other-trusts/,Client subdomain; preserve separate site and ownership,,2,2
http://riceandrice.jurispage.com/probate/,Client subdomain; preserve separate site and ownership,,2,2
http://riceandrice.jurispage.com/schedule-an-appointment/,Client subdomain; preserve separate site and ownership,,2,2
http://ronaldroth.jurispage.com/disclaimer/,Client subdomain; preserve separate site and ownership,,5,5
http://santicerny.jurispage.com/site-terms/,Client subdomain; preserve separate site and ownership,,1,1
http://savinelawgroup.jurispage.com/disclaimer/,Client subdomain; preserve separate site and ownership,,125,125
http://savinelawgroup.jurispage.com/privacy-policy/,Client subdomain; preserve separate site and ownership,,125,125
http://silvermanschermer.jurispage.com/adam-j-silverman/,Client subdomain; preserve separate site and ownership,,17,17
http://silvermanschermer.jurispage.com/blog/,Client subdomain; preserve separate site and ownership,,17,17
http://silvermanschermer.jurispage.com/business-and-contract-law/,Client subdomain; preserve separate site and ownership,,17,17
http://silvermanschermer.jurispage.com/business-succession-planning/,Client subdomain; preserve separate site and ownership,,17,17
http://silvermanschermer.jurispage.com/contact/,Client subdomain; preserve separate site and ownership,,17,17
http://silvermanschermer.jurispage.com/corporate-governance/,Client subdomain; preserve separate site and ownership,,17,17
http://silvermanschermer.jurispage.com/deals/,Client subdomain; preserve separate site and ownership,,17,17
http://silvermanschermer.jurispage.com/general-counsel-services/,Client subdomain; preserve separate site and ownership,,17,17
http://silvermanschermer.jurispage.com/kristen-m-yates/,Client subdomain; preserve separate site and ownership,,17,17
http://silvermanschermer.jurispage.com/mergers-acquisitions/,Client subdomain; preserve separate site and ownership,,17,17
http://silvermanschermer.jurispage.com/our-firm/,Client subdomain; preserve separate site and ownership,,17,17
http://silvermanschermer.jurispage.com/private-client-services/,Client subdomain; preserve separate site and ownership,,17,17
http://silvermanschermer.jurispage.com/robert-g-breier/,Client subdomain; preserve separate site and ownership,,17,17
http://silvermanschermer.jurispage.com/steven-j-schermer/,Client subdomain; preserve separate site and ownership,,17,17
http://silvermanschermer.jurispage.com/tax-controversy/,Client subdomain; preserve separate site and ownership,,17,17
http://silvermanschermer.jurispage.com/taxation-planning/,Client subdomain; preserve separate site and ownership,,17,17
http://silvermanschermer.jurispage.com/wealth-planning/,Client subdomain; preserve separate site and ownership,,17,17
http://silvermanschermer.jurispage.com/wealth-preservation-estate-planning/,Client subdomain; preserve separate site and ownership,,17,17
http://sotomayor.jurispage.com/disclaimer/,Client subdomain; preserve separate site and ownership,,68,68
http://spannerlaw.jurispage.com/disclaimer/,Client subdomain; preserve separate site and ownership,,16,16
http://stephenhealy.jurispage.com/disclaimer/,Client subdomain; preserve separate site and ownership,,30,30
http://sterlingimmigration.jurispage.com/2016/11/10/breaking-news-huge-changes-to-canadas-express-entry-system/,Client subdomain; preserve separate site and ownership,,2,2
http://sterlingimmigration.jurispage.com/2017/02/02/canadian-immigration-update-dependent-children-age-limit-to-be-raised-to-22-in-late-2017/,Client subdomain; preserve separate site and ownership,,1,1
http://twincity.jurispage.com/about/,Client subdomain; preserve separate site and ownership,,20,20
http://twincity.jurispage.com/attorney-gregory-p-holly/,Client subdomain; preserve separate site and ownership,,20,20
http://twincity.jurispage.com/attorney-jim-whelpley/,Client subdomain; preserve separate site and ownership,,20,20
http://twincity.jurispage.com/bankruptcy/,Client subdomain; preserve separate site and ownership,,20,20
http://twincity.jurispage.com/blog/,Client subdomain; preserve separate site and ownership,,20,20
http://twincity.jurispage.com/civil-litigation/,Client subdomain; preserve separate site and ownership,,20,20
http://twincity.jurispage.com/contact-us/,Client subdomain; preserve separate site and ownership,,20,20
http://twincity.jurispage.com/criminal-defense/,Client subdomain; preserve separate site and ownership,,20,20
http://twincity.jurispage.com/disclaimer/,Client subdomain; preserve separate site and ownership,,20,20
http://twincity.jurispage.com/estate-planning/,Client subdomain; preserve separate site and ownership,,20,20
http://twincity.jurispage.com/family-law/,Client subdomain; preserve separate site and ownership,,20,20
http://twincity.jurispage.com/file-bankruptcy-faq/,Client subdomain; preserve separate site and ownership,,1,1
http://twincity.jurispage.com/useful-links/,Client subdomain; preserve separate site and ownership,,20,20
http://upadhyecwik.jurispage.com/brand-drug-practice/,Client subdomain; preserve separate site and ownership,,25,25
http://upadhyecwik.jurispage.com/brent-batzer/,Client subdomain; preserve separate site and ownership,,25,25
http://upadhyecwik.jurispage.com/contact/,Client subdomain; preserve separate site and ownership,,25,25
http://upadhyecwik.jurispage.com/dr-yixin-tang/,Client subdomain; preserve separate site and ownership,,25,25
http://upadhyecwik.jurispage.com/fda-gmp-compliance-citizen-petitions/,Client subdomain; preserve separate site and ownership,,25,25
http://upadhyecwik.jurispage.com/generic-drug-anda-practice/,Client subdomain; preserve separate site and ownership,,25,25
http://upadhyecwik.jurispage.com/joseph-e-cwik/,Client subdomain; preserve separate site and ownership,,25,25
http://upadhyecwik.jurispage.com/litigation/,Client subdomain; preserve separate site and ownership,,25,25
http://upadhyecwik.jurispage.com/news/,Client subdomain; preserve separate site and ownership,,25,25
http://upadhyecwik.jurispage.com/our-firm/,Client subdomain; preserve separate site and ownership,,25,25
http://upadhyecwik.jurispage.com/our-team/,Client subdomain; preserve separate site and ownership,,25,25
http://upadhyecwik.jurispage.com/patent-trademark/,Client subdomain; preserve separate site and ownership,,25,25
http://upadhyecwik.jurispage.com/shashank-upadhye/,Client subdomain; preserve separate site and ownership,,25,25
http://wiggamlaw.jurispage.com/wp-content/uploads/sites/276/2016/03/Alexander-Tuttle.vcf,Client subdomain; preserve separate site and ownership,,2,2
http://wiggamlaw.jurispage.com/wp-content/uploads/sites/276/2016/03/Jeffrey-T.-Yick.vcf,Client subdomain; preserve separate site and ownership,,2,2
http://wiggamlaw.jurispage.com/wp-content/uploads/sites/276/2016/03/John-Nastasi-Esq..vcf,Client subdomain; preserve separate site and ownership,,2,2
http://wiggamlaw.jurispage.com/wp-content/uploads/sites/276/2016/03/Susannah-Moy.vcf,Client subdomain; preserve separate site and ownership,,2,2
http://wolfelaw.jurispage.com/wp-content/uploads/sites/73/2009/07/faq-20091.jpg,Client subdomain; preserve separate site and ownership,,1,1
http://wolfelaw.jurispage.com/wp-content/uploads/sites/73/2009/08/john.jpg,Client subdomain; preserve separate site and ownership,,1,1
https://www.jurispage.com/wp-content/uploads/2022/07/what-is-involved-lawyer-seo-infographic.jpg.webp,"Asset, legacy CMS endpoint or non-content URL; no verified like-for-like replacement",,1,1
https://www.jurispage.com/wp-content/uploads/2023/09/Introduction-to-Lawyer-SEO-07.png.webp,"Asset, legacy CMS endpoint or non-content URL; no verified like-for-like replacement",,1,1
